no,date,time,traffic_type,variation_traffic_from,external_ip,internal_ip,protocol,packet_loss,throughput,latency,jitter,ping,packet_length,Predicted Traffic Type
915,3/27/2024,5:09:21,2,YouTube,36.65.255.55,192.168.0.112,TCP,0,0.6869173729,22,96,33,2006,Video
588,3/21/2024,3:48:04,2,TiktTok,36.65.255.55,192.168.0.112,TCP,0,0.5046875,10,98,19,1900,Video
32,3/15/2024,21:22:33,2,TikTok,110.137.195.148,192.168.100.58,TCP,0,5.23,6,245,14,411,Video
137,3/16/2024,17:17:15,2,Youtube,110.137.195.148,192.168.100.58,TCP,0,1.77,38,347,41,1017,Video
731,3/22/2024,9:22:05,4,VoIP,104.215.189.26,163.116.193.94,ICMP,14.41,4.42,23.49,2.31,230,64,Voice
299,3/20/2024,2:57:19,2,YouTube,180.244.128.30,192.168.0.112,TCP,0,0.5918067227,24,50,36,1978,Video
947,3/27/2024,16:18:49,2,TikTok,167.205.0.224,10.5.106.48,TCP,0,1.171271008,24,85,29,2013,Video
399,3/20/2024,13:24:27,2,TiktTok,180.253.248.223,192.168.1.51,TCP,3,0.6967971239,12,3,18,1828.440321,Video
598,3/21/2024,3:56:32,2,TiktTok,36.65.255.55,192.168.0.112,TCP,0,0.8519144144,8,95,34,1879,Video
952,3/27/2024,16:22:08,2,TikTok,167.205.0.224,10.5.106.48,TCP,0,1.179025424,22,86,28,1996,Video
508,3/20/2024,15:55:20,0,Steam,180.253.248.223,192.168.1.51,TCP,0,0.8269230769,7,2,20,1777,Game
335,3/20/2024,3:39:19,2,YouTube,180.244.128.30,192.168.0.112,TCP,0,0.6458333333,26,48,31,1994,Video
553,3/21/2024,2:54:14,0,Xbox,36.65.255.55,192.168.0.112,TCP,0,2.750636132,179,97,184,3420,Game
895,3/27/2024,3:56:01,2,YouTube,36.65.255.55,192.168.0.112,TCP,0,0.6819915254,22,94,37,2004,Video
650,3/21/2024,12:28:23,0,Steam,10.31.103.178,167.205.0.252,TCP,10,1.876646739,39,98,63,2181.444444,Game
637,3/21/2024,11:05:38,4,VoIP,104.215.189.26,163.116.193.113,ICMP,0.84,4.3,24.06,5.07,206,64,Voice
297,3/20/2024,2:55:43,2,YouTube,180.244.128.30,192.168.0.112,TCP,0,0.7138771186,22,48,46,1958,Video
808,3/24/2024,21:02:39,4,VoIP,108.137.97.103,163.116.193.113,ICMP,0,16.25,18.23,12.74,193,64,Voice
409,3/20/2024,13:32:59,2,TiktTok,180.253.248.223,192.168.1.51,TCP,0,0.8242358079,15,39,20,1886,Video
942,3/27/2024,14:56:44,2,TikTok,167.205.0.224,10.5.106.48,TCP,0,1.188559322,22,90,30,2000,Video
583,3/21/2024,3:39:40,2,TiktTok,36.65.255.55,192.168.0.112,TCP,0,0.3807432432,8,98,14,1882,Video
60,3/15/2024,22:04:35,0,Xbox,110.137.195.148,192.168.100.58,TCP,0,3.7,229,375,284,4708,Game
169,3/16/2024,20:53:29,4,VoIP,108.137.97.103,163.116.193.94,ICMP,8.26,15.86,64.35,5.79,20,64,Voice
395,3/20/2024,13:21:52,2,TiktTok,180.253.248.223,192.168.1.51,TCP,0,0.6732142857,10,4,16,1806,Game
784,3/22/2024,14:58:26,4,VoIP,108.137.97.103,163.116.193.113,ICMP,4.92,4.48,38.69,3.59,223,64,Voice
744,3/22/2024,10:48:39,4,VoIP,35.229.206.207,163.116.193.113,ICMP,13.04,4.4,67.17,6.67,223,64,Voice
140,3/16/2024,17:21:38,0,Xbox,110.137.195.148,192.168.100.58,TCP,0,1.87,237,349,280,4722,Game
603,3/21/2024,4:00:19,2,TiktTok,36.65.255.55,192.168.0.112,TCP,0,0.4171255507,13,84,15,1913,Video
245,3/19/2024,13:21:18,4,VoIP,108.137.97.103,163.116.193.113,ICMP,5,3.77,43.43,7.24,202,64,Voice
1004,3/27/2024,19:03:23,0,Xbox,36.65.252.246,192.168.0.112,TCP,0,2.909547739,184,92,240,3460,Game
482,3/20/2024,15:32:25,0,Steam,180.253.248.223,192.168.1.51,TCP,0,0.8474431818,6,35,19,1801,Game
87,3/15/2024,23:16:47,2,TikTok,110.137.195.148,192.168.100.58,TCP,0,5.18,8,258,18,474,Video
802,3/24/2024,15:58:58,4,VoIP,104.215.189.26,163.116.193.113,ICMP,0,15.49,22.71,8.54,269,64,Voice
334,3/20/2024,3:38:40,2,YouTube,180.244.128.30,192.168.0.112,TCP,3,0.5432707458,24,49,25,1982.729188,Video
260,3/19/2024,15:07:15,4,VoIP,104.215.189.26,163.116.193.113,ICMP,11.3,4,25.86,6.8,203,64,Voice
406,3/20/2024,13:30:15,2,TiktTok,180.253.248.223,192.168.1.51,TCP,0,0.8495575221,12,40,20,1860,Video
108,3/16/2024,12:17:02,4,VoIP,35.229.206.207,163.116.193.94,ICMP,4.1,8.28,69.41,14.14,148,64,Voice
363,3/20/2024,12:54:12,2,YouTube,180.253.248.223,192.168.1.51,TCP,0,2.262783019,51,186,49,2357,Video
965,3/27/2024,17:50:24,2,TikTok,36.65.252.246,192.168.0.112,TCP,0,0.5261603376,23,92,29,2011,Video
211,3/18/2024,14:02:27,4,VoIP,108.137.97.103,163.116.193.94,ICMP,12.4,2.86,60.39,26.69,206,64,Voice
232,3/19/2024,11:47:44,4,VoIP,108.137.97.103,163.116.193.113,ICMP,5.74,3.37,41.4,9.54,205,64,Voice
930,3/27/2024,14:45:32,2,TikTok,167.205.0.224,10.5.106.48,TCP,3,1.285097542,25,89,31,2031.75326,Video
347,3/20/2024,12:35:17,2,YouTube,180.253.248.223,192.168.1.51,TCP,0,1.121008403,24,340,32,2268,Video
537,3/21/2024,2:41:31,0,Xbox,36.65.255.55,192.168.0.112,TCP,0,2.643653846,176,95,177,3391,Game
97,3/15/2024,23:30:21,0,Xbox,110.137.195.148,192.168.100.58,TCP,0,4.24,230,19,302,4505,Game
77,3/15/2024,23:04:43,0,Steam,110.137.195.148,192.168.100.58,TCP,0,5.39,6,254,14,420,Video
345,3/20/2024,12:30:04,2,YouTube,180.253.248.223,192.168.1.51,TCP,0,1.566322314,28,252,42,2216,Video
310,3/20/2024,3:06:11,2,YouTube,180.244.128.30,192.168.0.112,TCP,0,0.564565678,22,50,33,1960,Video
658,3/21/2024,12:35:26,0,Steam,10.31.103.178,167.205.0.252,TCP,10,1.037793103,47,103,57,2259.090909,Game
998,3/27/2024,18:58:15,0,Xbox,36.65.252.246,192.168.0.112,TCP,0,2.013216958,187,80,184,3475,Game
899,3/27/2024,4:57:04,2,YouTube,36.65.255.55,192.168.0.112,TCP,0,0.700210084,24,92,33,2020,Video
621,3/21/2024,8:54:00,4,VoIP,104.215.189.26,163.116.193.113,ICMP,12.93,4.5,25.62,5.07,207,64,Voice
855,3/25/2024,10:15:26,4,VoIP,104.215.189.26,163.116.193.113,ICMP,4.27,3.91,25.54,6.97,243,64,Voice
11,3/14/2024,13:08:02,4,VoIP,35.229.206.207,110.137.195.123,ICMP,5.5,9.67,62.37,1.94,22,64,Voice
1016,3/27/2024,20:11:56,0,Xbox,36.65.252.246,192.168.0.112,TCP,0,2.356658291,184,78,222,3446,Game
329,3/20/2024,3:34:57,2,YouTube,180.244.128.30,192.168.0.112,TCP,0,0.4745762712,22,49,28,1959,Video
704,3/21/2024,13:42:20,0,Steam,10.31.103.178,167.205.0.252,TCP,17,2.384587397,28,218,59,2215.48118,Game
278,3/20/2024,2:34:20,2,YouTube,180.244.128.30,192.168.0.112,TCP,0,0.3863924051,23,48,33,1967,Video
291,3/20/2024,2:51:21,2,YouTube,180.244.128.30,192.168.0.112,TCP,0,0.2393617021,21,50,30,1951,Video
199,3/18/2024,13:35:57,4,VoIP,104.215.189.26,163.116.193.94,ICMP,0.79,3.87,28.92,6.05,209,64,Voice
324,3/20/2024,3:31:19,2,YouTube,180.244.128.30,192.168.0.112,TCP,0,0.5833333333,23,49,28,1968,Video
891,3/27/2024,3:53:39,2,YouTube,36.65.255.55,192.168.0.112,TCP,0,0.6847689076,24,80,41,2008,Video
533,3/21/2024,2:38:10,0,Xbox,36.65.255.55,192.168.0.112,TCP,0,2.413269231,176,99,178,3395,Game
31,3/15/2024,21:18:03,0,Xbox,110.137.195.148,192.168.100.58,TCP,0,3.52,234,51,298,4541,Game
782,3/22/2024,14:40:01,4,VoIP,108.137.97.103,163.116.193.113,ICMP,5.69,4.32,43.28,12.84,27,64,Voice
897,3/27/2024,4:55:02,2,YouTube,36.65.255.55,192.168.0.112,TCP,0,0.7398148148,29,93,34,2066,Video
55,3/15/2024,21:58:44,2,Youtube,110.137.195.148,192.168.100.58,TCP,0,4.86,39,375,53,1150,Video
24,3/14/2024,14:02:07,2,TikTok,110.137.195.148,192.168.100.58,TCP,0,3.76,8,367,14,551,Video
71,3/15/2024,22:18:37,2,Youtube,110.137.195.148,192.168.100.58,TCP,0,4.05,37,360,42,1029,Video
448,3/20/2024,14:54:17,0,Xbox,180.253.248.223,192.168.1.51,TCP,0,4.083409091,116,347,113,3103,Game
4,3/14/2024,9:46:06,4,VoIP,108.137.97.103,110.137.195.123,ICMP,10.66,3.77,19.12,9.12,25,64,Voice
248,3/19/2024,13:38:14,4,VoIP,108.137.97.103,163.116.193.113,ICMP,11.48,3.98,43.35,9.17,205,64,Voice
889,3/27/2024,3:52:42,2,YouTube,36.65.255.55,192.168.0.112,TCP,0,0.6029411765,24,93,35,2021,Video
827,3/24/2024,22:49:39,4,VoIP,104.215.189.26,163.116.193.113,ICMP,0,4.14,20.48,16.18,34,64,Voice
515,3/20/2024,16:07:16,0,Steam,180.253.248.223,192.168.1.51,TCP,0,0.8237612613,8,2,14,1786,Game
486,3/20/2024,15:36:03,0,Steam,180.253.248.223,192.168.1.51,TCP,0,0.7466216216,8,16,15,1800,Game
661,3/21/2024,12:40:11,0,Steam,10.31.103.178,167.205.0.252,TCP,17,4.385448387,96,102,120,2720.889115,Game
1005,3/27/2024,19:04:18,0,Xbox,36.65.252.246,192.168.0.112,TCP,0,2.423674242,182,88,201,3438,Game
890,3/27/2024,3:53:02,2,YouTube,36.65.255.55,192.168.0.112,TCP,0,0.717721519,23,91,36,2010,Video
887,3/27/2024,3:51:42,2,YouTube,36.65.255.55,192.168.0.112,TCP,0,0.6203256303,24,90,31,2018,Video
978,3/27/2024,18:09:11,0,Xbox,36.65.252.246,192.168.0.112,TCP,0,2.616360759,181,90,217,3431,Game
484,3/20/2024,15:34:45,0,Steam,180.253.248.223,192.168.1.51,TCP,0,0.8091216216,8,50,15,1834,Game
185,3/18/2024,9:43:59,4,VoIP,35.229.206.207,163.116.193.94,ICMP,0.8,3.65,65.27,4.1,218,64,Voice
405,3/20/2024,13:29:34,2,TiktTok,180.253.248.223,192.168.1.51,TCP,0,0.7301762115,13,36,20,1865,Video
450,3/20/2024,14:56:32,0,Xbox,180.253.248.223,192.168.1.51,TCP,0,3.855038462,111,12,113,2723,Game
306,3/20/2024,3:03:16,2,YouTube,180.244.128.30,192.168.0.112,TCP,0,0.5224576271,22,44,36,1954,Video
412,3/20/2024,13:36:10,2,TiktTok,180.253.248.223,192.168.1.51,TCP,0,0.7896995708,19,36,20,1919,Video
266,3/19/2024,17:09:24,4,VoIP,104.215.189.26,163.116.193.113,ICMP,8.62,3.6,25.05,12.52,364,64,Voice
40,3/15/2024,21:36:11,2,TikTok,110.137.195.148,192.168.100.58,TCP,0,4.66,6,254,13,412,Video
902,3/27/2024,4:58:49,2,YouTube,36.65.255.55,192.168.0.112,TCP,0,0.6599156118,23,95,34,2014,Video
159,3/16/2024,19:56:42,4,VoIP,104.215.189.26,163.116.193.94,ICMP,0.83,16.01,19.31,1.85,243,64,Voice
276,3/20/2024,2:32:44,2,YouTube,180.244.128.30,192.168.0.112,TCP,0,0.5779661017,22,48,31,1958,Video
287,3/20/2024,2:41:15,2,YouTube,180.244.128.30,192.168.0.112,TCP,2,0.2880303797,23,50,32,1972.799599,Video
67,3/15/2024,22:14:47,2,Youtube,110.137.195.148,192.168.100.58,TCP,0,3.5,39,350,45,1061,Video
425,3/20/2024,13:58:04,0,Xbox,180.253.248.223,192.168.1.51,TCP,0,2.588923077,111,1,112,2712,Game
68,3/15/2024,22:15:31,2,TikTok,110.137.195.148,192.168.100.58,TCP,0,4.66,6,358,15,532,Video
102,3/16/2024,12:07:51,4,VoIP,35.229.206.207,163.116.193.94,ICMP,81.73,7.82,113.81,71.02,20,64,Voice
200,3/18/2024,13:43:06,4,VoIP,104.215.189.26,163.116.193.94,ICMP,5.04,2.3,115.85,72.75,202,64,Voice
790,3/22/2024,15:34:16,4,VoIP,104.215.189.26,163.116.193.113,ICMP,4.27,4.32,24.3,6.39,215,64,Voice
559,3/21/2024,2:58:50,0,Xbox,36.65.255.55,192.168.0.112,TCP,0,2.705343511,179,98,192,3421,Game
527,3/20/2024,21:11:42,2,TiktTok,36.69.143.150,192.168.0.112,TCP,0,0.2729166667,14,93,19,1931,Video
888,3/27/2024,3:52:06,2,YouTube,36.65.255.55,192.168.0.112,TCP,0,0.6579497908,25,81,34,2018,Video
618,3/21/2024,8:41:50,4,VoIP,108.137.97.103,163.116.193.113,ICMP,0,4.13,38.3,5.79,207,64,Voice
545,3/21/2024,2:47:58,0,Xbox,36.65.255.55,192.168.0.112,TCP,0,2.295167526,174,97,179,3375,Game
923,3/27/2024,14:37:31,2,TikTok,167.205.0.223,10.5.105.53,TCP,0,1.420550847,22,85,30,1995,Video
667,3/21/2024,12:49:02,0,Steam,10.31.103.178,167.205.0.252,TCP,23,2.572607267,118,337,97,3173.5261,Game
389,3/20/2024,13:17:07,2,TiktTok,180.253.248.223,192.168.1.51,TCP,0,0.4936393805,12,49,17,1869,Video
255,3/19/2024,14:23:49,4,VoIP,108.137.97.103,163.116.193.113,ICMP,4.13,3.7,42.44,7.59,247,64,Voice
281,3/20/2024,2:37:49,2,YouTube,180.244.128.30,192.168.0.112,TCP,0,0.7322033898,22,49,36,1959,Video
449,3/20/2024,14:55:25,0,Xbox,180.253.248.223,192.168.1.51,TCP,0,5.495845921,117,25,135,2790,Game
101,3/16/2024,12:07:40,4,VoIP,108.137.97.103,163.116.193.94,ICMP,56.52,1.02,83.86,19.79,153,64,Voice
89,3/15/2024,23:19:22,2,Youtube,110.137.195.148,192.168.100.58,TCP,1,3.62,36,258,46,956.6262626,Video
64,3/15/2024,22:10:34,0,Steam,110.137.195.148,192.168.100.58,TCP,0,4.64,7,16,13,183,Game
842,3/25/2024,8:59:40,4,VoIP,108.137.97.103,163.116.193.113,ICMP,0,3.71,47.7,8.04,208,64,Voice
1010,3/27/2024,20:04:08,0,Xbox,36.65.252.246,192.168.0.112,TCP,0,2.272405063,181,80,187,3421,Game
883,3/27/2024,3:41:44,2,YouTube,36.65.255.55,192.168.0.112,TCP,0,0.7119198312,23,94,34,2013,Video
433,3/20/2024,14:06:55,0,Xbox,180.253.248.223,192.168.1.51,TCP,0,3.744891641,109,22,144,2715,Game
614,3/21/2024,8:31:53,4,VoIP,108.137.97.103,163.116.193.113,ICMP,0,4.3,42.04,5.9,210,64,Voice
939,3/27/2024,14:54:13,2,TikTok,167.205.0.224,10.5.106.48,TCP,0,1.170886076,23,86,25,2005,Video
584,3/21/2024,3:41:22,2,TiktTok,36.65.255.55,192.168.0.112,TCP,0,0.2841666667,11,93,15,1904,Video
214,3/18/2024,14:12:59,4,VoIP,108.137.97.103,163.116.193.94,ICMP,4.96,3.72,49.78,15.84,214,64,Voice
110,3/16/2024,12:29:13,4,VoIP,35.229.206.207,163.116.193.94,ICMP,0.78,13.03,65.14,4.9,146,64,Voice
918,3/27/2024,5:16:22,2,YouTube,36.65.255.55,192.168.0.112,TCP,0,0.7223628692,23,99,32,2018,Video
216,3/18/2024,14:22:35,4,VoIP,104.215.189.26,163.116.193.113,ICMP,3.25,3.9,26.03,11.17,210,64,Voice
953,3/27/2024,17:37:03,2,TikTok,167.205.0.224,10.5.106.48,TCP,0,0.6510638298,21,90,36,1991,Video
517,3/20/2024,16:08:57,0,Steam,180.253.248.223,192.168.1.51,TCP,0,1.573423423,8,1,28,1785,Game
756,3/22/2024,12:26:38,4,VoIP,108.137.97.103,163.116.193.113,ICMP,0.8,4.58,39.06,3.9,224,64,Voice
311,3/20/2024,3:07:06,2,YouTube,180.244.128.30,192.168.0.112,TCP,0,0.5444620253,23,50,31,1969,Video
665,3/21/2024,12:46:07,0,Steam,10.31.103.178,167.205.0.252,TCP,27,3.58183657,95,217,100,2852.596095,Game
993,3/27/2024,18:54:10,0,Xbox,36.65.252.246,192.168.0.112,TCP,0,2.136708861,181,80,211,3421,Game
752,3/22/2024,12:04:29,4,VoIP,104.215.189.26,163.116.193.94,ICMP,0,4.48,22.74,5.22,213,64,Voice
635,3/21/2024,10:42:11,4,VoIP,104.215.189.26,163.116.193.113,ICMP,16.96,3.8,29.5,9.86,216,64,Voice
308,3/20/2024,3:04:55,2,YouTube,180.244.128.30,192.168.0.112,TCP,0,0.5195121951,32,49,36,2049,Video
524,3/20/2024,21:08:22,2,TiktTok,36.69.143.150,192.168.0.112,TCP,0,0.5233480176,13,95,44,1924,Video
581,3/21/2024,3:37:30,2,TiktTok,36.65.255.55,192.168.0.112,TCP,0,0.3414444444,11,97,14,1908,Video
560,3/21/2024,2:59:44,0,Xbox,36.65.255.55,192.168.0.112,TCP,0,2.97471374,179,97,215,3420,Game
674,3/21/2024,12:57:10,0,Steam,10.31.103.178,167.205.0.252,TCP,27,1.73714899,83,91,105,2615.932169,Game
966,3/27/2024,17:53:38,2,TikTok,36.65.252.246,192.168.0.112,TCP,3,0.5470879747,23,80,34,2004.705115,Video
762,3/22/2024,12:55:32,4,VoIP,35.229.206.207,163.116.193.113,ICMP,0.8,4.26,63.07,3.59,200,64,Voice
600,3/21/2024,3:57:58,2,TiktTok,36.65.255.55,192.168.0.112,TCP,0,0.4025784753,9,86,18,1879,Video
313,3/20/2024,3:08:11,2,YouTube,180.244.128.30,192.168.0.112,TCP,0,0.5616326531,31,50,32,2041,Video
1008,3/27/2024,19:08:09,0,Xbox,36.65.252.246,192.168.0.112,TCP,0,2.079502519,183,81,185,3440,Game
532,3/21/2024,2:37:01,0,Xbox,36.65.255.55,192.168.0.112,TCP,0,2.247938144,174,97,178,3375,Game
209,3/18/2024,14:02:18,4,VoIP,35.229.206.207,163.116.193.94,ICMP,7.5,2.31,82.05,20.58,205,64,Voice
487,3/20/2024,15:37:04,0,Steam,180.253.248.223,192.168.1.51,TCP,0,1.322240991,8,2,23,1786,Game
865,3/26/2024,13:53:48,4,VoIP,35.229.206.207,163.116.193.118,ICMP,1.12,3.45,66.56,8.35,200,64,Voice
686,3/21/2024,13:22:31,0,Steam,10.31.103.178,167.205.0.252,TCP,16,0.891292562,28,267,32,2262.479675,Game
1014,3/27/2024,20:10:19,0,Xbox,36.65.252.246,192.168.0.112,TCP,0,2.242279412,194,81,228,3539,Game
540,3/21/2024,2:43:47,0,Xbox,36.65.255.55,192.168.0.112,TCP,0,2.727051282,176,99,178,3395,Game
56,3/15/2024,21:59:17,0,Xbox,110.137.195.148,192.168.100.58,TCP,0,4.11,237,342,290,4795,Game
121,3/16/2024,13:31:04,4,VoIP,104.215.189.26,163.116.193.94,ICMP,1.65,16.04,21.87,5.36,30,64,Voice
821,3/24/2024,22:13:22,4,VoIP,104.215.189.26,163.116.193.113,ICMP,0.79,9.85,20.62,2.78,253,64,Voice
26,3/15/2024,20:58:12,2,Youtube,110.137.195.148,192.168.100.58,TCP,0,1.82,39,48,50,799,Video
73,3/15/2024,22:21:18,0,Xbox,110.137.195.148,192.168.100.58,TCP,0,4.4,216,368,293,4656,Game
997,3/27/2024,18:57:04,0,Xbox,36.65.252.246,192.168.0.112,TCP,0,2.646433081,182,81,203,3431,Game
45,3/15/2024,21:44:10,2,Youtube,110.137.195.148,192.168.100.58,TCP,0,3.29,39,248,42,935,Video
709,3/21/2024,14:40:22,4,VoIP,104.215.189.26,163.116.193.113,ICMP,2.44,4.2,24.03,4.91,28,64,Voice
757,3/22/2024,12:41:40,4,VoIP,35.229.206.207,163.116.193.113,ICMP,0,4.33,61.76,1.71,213,64,Voice
907,3/27/2024,5:02:03,2,YouTube,36.65.255.55,192.168.0.112,TCP,0,0.7231914894,21,88,33,1989,Video
351,3/20/2024,12:38:11,2,YouTube,180.253.248.223,192.168.1.51,TCP,0,1.154621849,24,3,32,1931,Video
604,3/21/2024,4:00:38,2,TiktTok,36.65.255.55,192.168.0.112,TCP,0,0.4088888889,11,95,16,1906,Video
693,3/21/2024,13:28:19,0,Steam,10.31.103.178,167.205.0.252,TCP,13,0.8227764706,24,227,32,2180.078014,Game
262,3/19/2024,15:19:45,4,VoIP,104.215.189.26,163.116.193.113,ICMP,0.81,3.9,26.89,5.32,206,64,Voice
372,3/20/2024,13:02:17,2,TiktTok,180.253.248.223,192.168.1.51,TCP,0,0.5365638767,13,4,21,1833,Video
970,3/27/2024,18:02:35,0,Xbox,36.65.252.246,192.168.0.112,TCP,0,2.896969697,182,88,239,3438,Game
657,3/21/2024,12:34:02,0,Steam,10.31.103.178,167.205.0.252,TCP,10,1.44075,50,105,68,2288.333333,Game
175,3/16/2024,21:36:52,4,VoIP,35.229.206.207,163.116.193.94,ICMP,7.76,5.62,106.55,65.53,20,64,Voice
589,3/21/2024,3:49:09,2,TiktTok,36.65.255.55,192.168.0.112,TCP,0,0.6405405405,8,93,24,1877,Video
737,3/22/2024,9:49:24,4,VoIP,104.215.189.26,163.116.193.94,ICMP,19.23,4.09,23.05,26.3,248,64,Voice
969,3/27/2024,18:01:23,0,Xbox,36.65.252.246,192.168.0.112,TCP,0,1.930258186,183,81,201,3440,Game
723,3/22/2024,8:42:52,4,VoIP,35.229.206.207,163.116.193.113,ICMP,0,4.33,63.26,3.48,205,64,Voice
210,3/18/2024,14:02:22,4,VoIP,104.215.189.26,163.116.193.113,ICMP,3.23,3.5,38.48,16.59,211,64,Voice
964,3/27/2024,17:48:05,2,TikTok,36.65.252.246,192.168.0.112,TCP,3,0.5960877119,22,80,34,1995.681043,Video
61,3/15/2024,22:06:37,2,Youtube,110.137.195.148,192.168.100.58,TCP,0,3.86,38,253,45,955,Video
480,3/20/2024,15:30:28,0,Steam,180.253.248.223,192.168.1.51,TCP,0,1.126696833,7,36,30,1811,Game
494,3/20/2024,15:42:28,0,Steam,180.253.248.223,192.168.1.51,TCP,0,0.6744909502,7,186,15,1961,Game
959,3/27/2024,17:43:48,2,TikTok,36.65.252.246,192.168.0.112,TCP,3,0.8245844809,22,102,45,2017.681043,Video
465,3/20/2024,15:09:42,0,Xbox,180.253.248.223,192.168.1.51,TCP,0,4.643902439,114,5,112,2743,Game
421,3/20/2024,13:51:32,0,Xbox,180.253.248.223,192.168.1.51,TCP,10,2.823723054,120,22,146,2840.989899,Game
717,3/21/2024,18:13:13,4,VoIP,104.215.189.26,163.116.193.113,ICMP,2.46,16.18,22.58,6.06,185,64,Voice
606,3/21/2024,5:11:13,2,TiktTok,36.65.255.55,192.168.0.112,TCP,0,0.4246621622,8,96,18,1880,Video
535,3/21/2024,2:39:57,0,Xbox,36.65.255.55,192.168.0.112,TCP,0,2.643653846,176,97,177,3393,Game
315,3/20/2024,3:09:56,2,YouTube,180.244.128.30,192.168.0.112,TCP,0,0.6807098765,29,48,33,2021,Video
320,3/20/2024,3:13:36,2,YouTube,180.244.128.30,192.168.0.112,TCP,0,0.5096991701,27,47,31,2002,Video
909,3/27/2024,5:04:33,2,YouTube,36.65.255.55,192.168.0.112,TCP,0,0.6337923729,22,94,31,2004,Video
257,3/19/2024,14:28:52,4,VoIP,108.137.97.103,163.116.193.113,ICMP,3.31,3.87,42.24,7.46,195,64,Voice
519,3/20/2024,21:02:03,2,TiktTok,36.69.143.150,192.168.0.112,TCP,0,0.2720982143,10,86,23,1888,Video
676,3/21/2024,13:06:24,4,VoIP,104.215.189.26,163.116.193.113,ICMP,0.8,3.8,28.86,11.15,204,64,Voice
1017,3/27/2024,20:14:31,0,Xbox,36.65.252.246,192.168.0.112,TCP,0,2.058259494,181,80,193,3421,Game
111,3/16/2024,12:29:19,4,VoIP,104.215.189.26,163.116.193.94,ICMP,0,15.77,22.32,5.03,228,64,Voice
719,3/22/2024,8:37:00,4,VoIP,104.215.189.26,163.116.193.94,ICMP,18.58,4.5,23.11,5.46,206,64,Voice
786,3/22/2024,15:27:43,4,VoIP,108.137.97.103,163.116.193.113,ICMP,8.04,4.3,41.31,3.98,211,64,Voice
356,3/20/2024,12:49:18,2,YouTube,180.253.248.223,192.168.1.51,TCP,0,1.121590909,28,17,33,1981,Video
768,3/22/2024,13:06:22,4,VoIP,35.229.206.207,163.116.193.113,ICMP,1.64,4.05,63.46,4.22,209,64,Voice
568,3/21/2024,3:06:25,0,Xbox,36.65.255.55,192.168.0.112,TCP,0,2.454910714,178,97,182,3411,Game
955,3/27/2024,17:39:48,2,TikTok,36.65.252.246,192.168.0.112,TCP,0,0.6491561181,23,73,34,1992,Video
520,3/20/2024,21:03:05,2,TiktTok,36.69.143.150,192.168.0.112,TCP,0,0.2408482143,10,85,26,1887,Video
424,3/20/2024,13:57:59,0,Xbox,180.253.248.223,192.168.1.51,TCP,0,2.923056402,114,7,111,2745,Game
550,3/21/2024,2:51:32,0,Xbox,36.65.255.55,192.168.0.112,TCP,0,2.530216285,179,97,185,3420,Game
753,3/22/2024,12:04:33,4,VoIP,35.229.206.207,163.116.193.113,ICMP,0,4.09,63.44,5.22,214,64,Voice
443,3/20/2024,14:50:21,0,Xbox,180.253.248.223,192.168.1.51,TCP,0,4.506153251,109,2,111,2695,Game
238,3/19/2024,12:41:31,4,VoIP,104.215.189.26,163.116.193.113,ICMP,2.5,3.6,25.77,6.32,206,64,Voice
742,3/22/2024,10:48:22,4,VoIP,108.137.97.103,163.116.193.113,ICMP,20,4.5,59.45,16.08,222,64,Voice
138,3/16/2024,17:18:48,0,Steam,110.137.195.148,192.168.100.58,TCP,0,1.31,5,252,12,393,Game
781,3/22/2024,14:39:55,4,VoIP,104.215.189.26,163.116.193.113,ICMP,2.42,3.35,22.52,3.05,218,64,Voice
755,3/22/2024,12:26:34,4,VoIP,104.215.189.26,163.116.193.94,ICMP,0,4.45,23.34,5.23,223,64,Voice
290,3/20/2024,2:50:31,2,YouTube,180.244.128.30,192.168.0.112,TCP,0,0.415,26,52,32,1998,Video
900,3/27/2024,4:57:41,2,YouTube,36.65.255.55,192.168.0.112,TCP,0,0.6962025316,23,92,33,2011,Video
261,3/19/2024,15:07:19,4,VoIP,108.137.97.103,163.116.193.113,ICMP,13.91,3.95,40.97,7.87,203,64,Voice
766,3/22/2024,13:06:25,4,VoIP,108.137.97.103,163.116.193.113,ICMP,0,4.6,37.1,2.27,210,64,Voice
300,3/20/2024,2:57:55,2,YouTube,180.244.128.30,192.168.0.112,TCP,0,0.485106383,21,49,32,1950,Video
219,3/18/2024,15:19:33,4,VoIP,108.137.97.103,163.116.193.113,ICMP,3.28,4.09,40.73,8.2,209,64,Voice
788,3/22/2024,15:27:38,4,VoIP,35.229.206.207,163.116.193.113,ICMP,0,4.1,63.35,5.21,210,64,Voice
429,3/20/2024,14:02:51,0,Xbox,180.253.248.223,192.168.1.51,TCP,0,1.755882353,109,43,114,2736,Game
627,3/21/2024,9:40:48,4,VoIP,104.215.189.26,163.116.193.113,ICMP,0.81,3.9,25.49,9.54,211,64,Voice
729,3/22/2024,9:13:05,4,VoIP,35.229.206.207,163.116.193.113,ICMP,0.79,4.29,63.52,3.47,209,64,Voice
366,3/20/2024,12:56:13,2,YouTube,180.253.248.223,192.168.1.51,TCP,0,4.103842756,69,2,91,2335,Video
79,3/15/2024,23:06:13,2,TikTok,110.137.195.148,192.168.100.58,TCP,3,5.24,7,252,28,547.6597938,Video
30,3/15/2024,21:17:13,2,Youtube,110.137.195.148,192.168.100.58,TCP,0,3.15,36,341,44,1017,Video
295,3/20/2024,2:54:19,2,YouTube,180.244.128.30,192.168.0.112,TCP,0,0.6069915254,22,51,30,1961,Video
478,3/20/2024,15:29:06,0,Steam,180.253.248.223,192.168.1.51,TCP,0,0.7482142857,10,35,16,1837,Game
549,3/21/2024,2:50:49,0,Xbox,36.65.255.55,192.168.0.112,TCP,0,2.45610687,179,98,180,3421,Game
656,3/21/2024,12:32:21,0,Steam,10.31.103.178,167.205.0.252,TCP,17,1.462899913,72,94,75,2493.568667,Game
924,3/27/2024,14:40:13,2,TikTok,167.205.0.223,10.5.105.53,TCP,0,0.9928797468,23,85,25,2004,Video
166,3/16/2024,20:48:23,4,VoIP,104.215.189.26,163.116.193.94,ICMP,0,16.04,19.73,2.46,30,64,Voice
815,3/24/2024,21:32:17,4,VoIP,104.215.189.26,163.116.193.113,ICMP,0,15.39,20.24,3.28,262,64,Voice
179,3/18/2024,8:51:37,4,VoIP,104.215.189.26,163.116.193.94,ICMP,1.61,4.11,27.11,6.94,25,64,Voice
483,3/20/2024,15:33:17,0,Steam,180.253.248.223,192.168.1.51,TCP,0,0.6741554054,8,35,13,1819,Game
66,3/15/2024,22:13:04,0,Steam,110.137.195.148,192.168.100.58,TCP,0,4.22,7,352,13,519,Video
142,3/16/2024,17:24:26,2,Youtube,110.137.195.148,192.168.100.58,TCP,0,2.03,30,368,43,982,Video
495,3/20/2024,15:43:14,0,Steam,180.253.248.223,192.168.1.51,TCP,0,0.78867713,9,2,15,1795,Game
333,3/20/2024,3:37:29,2,YouTube,180.244.128.30,192.168.0.112,TCP,0,0.8699579832,24,49,41,1977,Video
843,3/25/2024,8:59:46,4,VoIP,104.215.189.26,163.116.193.113,ICMP,0,3.44,31.76,10.78,209,64,Voice
779,3/22/2024,14:19:55,4,VoIP,35.229.206.207,163.116.193.113,ICMP,1.61,3.81,64.46,4.67,217,64,Voice
328,3/20/2024,3:34:18,2,YouTube,180.244.128.30,192.168.0.112,TCP,0,0.6288702929,25,49,36,1986,Video
678,3/21/2024,13:13:47,4,VoIP,104.215.189.26,163.116.193.113,ICMP,0,3.8,27.24,8.71,212,64,Voice
434,3/20/2024,14:07:32,0,Xbox,180.253.248.223,192.168.1.51,TCP,0,3.01091954,134,253,124,3171,Game
746,3/22/2024,11:00:09,4,VoIP,104.215.189.26,163.116.193.94,ICMP,9.02,4.31,26.34,9.42,207,64,Voice
836,3/24/2024,23:47:59,4,VoIP,108.137.97.103,163.116.193.113,ICMP,0,8.7,10.58,9.52,22,64,Voice
222,3/19/2024,9:47:49,4,VoIP,104.215.189.26,163.116.193.113,ICMP,0.79,27.5,72.83,11.19,266,64,Voice
809,3/24/2024,21:02:42,4,VoIP,104.215.189.26,163.116.193.113,ICMP,0,9.4,22.07,5.97,262,64,Voice
236,3/19/2024,12:19:13,4,VoIP,108.137.97.103,163.116.193.113,ICMP,16.24,4.43,39.46,6.08,205,64,Voice
322,3/20/2024,3:29:32,2,YouTube,180.244.128.30,192.168.0.112,TCP,0,0.6359832636,25,45,32,1982,Video
193,3/18/2024,13:14:28,4,VoIP,35.229.206.207,163.116.193.94,ICMP,0,4.17,67.16,9.18,208,64,Voice
319,3/20/2024,3:12:58,2,YouTube,180.244.128.30,192.168.0.112,TCP,0,0.6108122363,23,49,37,1968,Video
50,3/15/2024,21:50:27,0,Steam,110.137.195.148,192.168.100.58,TCP,0,7.44,5,241,17,422,Game
741,3/22/2024,10:04:56,4,VoIP,35.229.206.207,163.116.193.113,ICMP,0,4.2,63.91,4.97,239,64,Voice
3,3/14/2024,9:41:40,4,VoIP,108.137.97.103,110.137.195.123,ICMP,0,12.13,10.76,9.39,21,64,Voice
555,3/21/2024,2:55:57,0,Xbox,36.65.255.55,192.168.0.112,TCP,0,3.009024235,178,96,197,3410,Game
446,3/20/2024,14:53:21,0,Xbox,180.253.248.223,192.168.1.51,TCP,0,4.211854103,115,40,124,2787,Game
920,3/27/2024,14:35:05,2,TikTok,167.205.0.224,10.5.106.48,TCP,13,1.031635671,32,87,34,2112.920973,Video
250,3/19/2024,13:44:25,4,VoIP,108.137.97.103,163.116.193.113,ICMP,5.08,4.14,39.72,4.42,198,64,Voice
760,3/22/2024,12:55:36,4,VoIP,108.137.97.103,163.116.193.113,ICMP,0,4.56,40,5.53,207,64,Voice
362,3/20/2024,12:53:27,2,YouTube,180.253.248.223,192.168.1.51,TCP,0,4.015884477,63,58,103,2337,Video
1013,3/27/2024,20:09:25,0,Xbox,36.65.252.246,192.168.0.112,TCP,0,2.002962963,191,81,208,3512,Game
963,3/27/2024,17:47:21,2,TikTok,36.65.252.246,192.168.0.112,TCP,0,0.6158898305,22,89,34,1999,Video
34,3/15/2024,21:25:09,0,Xbox,110.137.195.148,192.168.100.58,TCP,0,4.02,229,251,292,4648,Game
205,3/18/2024,13:52:11,4,VoIP,104.215.189.26,163.116.193.113,ICMP,7.89,3.2,29.49,11.13,210,64,Voice
534,3/21/2024,2:39:33,0,Xbox,36.65.255.55,192.168.0.112,TCP,0,2.331940874,175,96,177,3383,Game
685,3/21/2024,13:21:38,0,Steam,10.31.103.178,167.205.0.252,TCP,3,1.121153729,24,363,39,2296.729188,Game
747,3/22/2024,11:00:13,4,VoIP,35.229.206.207,163.116.193.113,ICMP,6.03,3.52,66.7,9.11,207,64,Voice
78,3/15/2024,23:05:17,2,Youtube,110.137.195.148,192.168.100.58,TCP,0,4.79,26,21,49,647,Video
85,3/15/2024,23:14:06,0,Steam,110.137.195.148,192.168.100.58,TCP,1,5.63,6,264,17,455.8585859,Game
383,3/20/2024,13:11:25,2,TiktTok,180.253.248.223,192.168.1.51,TCP,0,0.5678571429,10,37,16,1839,Video
83,3/15/2024,23:11:02,2,TikTok,110.137.195.148,192.168.100.58,TCP,0,5.11,8,373,18,589,Video
381,3/20/2024,13:10:24,2,TiktTok,180.253.248.223,192.168.1.51,TCP,0,1.685891544,58,35,55,2269,Video
430,3/20/2024,14:03:19,0,Xbox,180.253.248.223,192.168.1.51,TCP,0,1.416176471,109,32,114,2725,Game
878,3/27/2024,3:38:02,2,YouTube,36.65.255.55,192.168.0.112,TCP,0,0.6766419492,22,94,35,2004,Video
530,3/21/2024,2:35:12,0,Xbox,36.65.255.55,192.168.0.112,TCP,0,2.139203085,175,86,178,3373,Game
523,3/20/2024,21:07:11,2,TiktTok,36.69.143.150,192.168.0.112,TCP,0,0.2384868421,14,92,29,1930,Video
831,3/24/2024,23:24:56,4,VoIP,104.215.189.26,163.116.193.113,ICMP,0,4.5,21.15,4.02,237,64,Voice
293,3/20/2024,2:52:55,2,YouTube,180.244.128.30,192.168.0.112,TCP,0,0.5167553191,21,49,29,1950,Video
6,3/14/2024,12:25:01,2,Youtube,110.137.195.148,192.168.100.58,TCP,0,4.25,23,223,56,878,Video
423,3/20/2024,13:57:03,0,Xbox,180.253.248.223,192.168.1.51,TCP,0,2.284662577,112,17,112,2737,Game
957,3/27/2024,17:41:33,2,TikTok,36.65.252.246,192.168.0.112,TCP,0,0.5919680851,21,84,31,1985,Video
98,3/15/2024,23:31:11,2,Youtube,110.137.195.148,192.168.100.58,TCP,0,4.71,28,38,44,642,Video
282,3/20/2024,2:38:10,2,YouTube,180.244.128.30,192.168.0.112,TCP,0,0.5477320675,23,48,31,1967,Video
645,3/21/2024,12:23:03,0,Steam,10.31.103.178,167.205.0.252,TCP,3,1.152088889,38,91,52,2151.066199,Game
884,3/27/2024,3:42:11,2,YouTube,36.65.255.55,192.168.0.112,TCP,0,0.6664556962,23,93,36,2012,Video
267,3/19/2024,17:09:27,4,VoIP,108.137.97.103,163.116.193.113,ICMP,0,15.04,7.56,2.02,346,64,Voice
440,3/20/2024,14:48:02,0,Xbox,180.253.248.223,192.168.1.51,TCP,0,3.706192661,113,23,113,2752,Game
592,3/21/2024,3:51:18,2,TiktTok,36.65.255.55,192.168.0.112,TCP,0,0.622029148,9,99,27,1892,Video
787,3/22/2024,15:27:46,4,VoIP,104.215.189.26,163.116.193.113,ICMP,1.6,4.41,22.51,4.57,216,64,Voice
663,3/21/2024,12:45:20,0,Steam,10.31.103.178,167.205.0.252,TCP,37,4.705300459,113,221,154,3050.510903,Game
892,3/27/2024,3:54:14,2,YouTube,36.65.255.55,192.168.0.112,TCP,0,0.5719148936,21,94,32,1995,Video
119,3/16/2024,13:24:38,4,VoIP,104.215.189.26,163.116.193.94,ICMP,1.61,16.05,19.9,2.68,245,64,Voice
848,3/25/2024,9:47:03,4,VoIP,108.137.97.103,163.116.193.113,ICMP,10.19,4.31,41.68,5.64,26,64,Voice
251,3/19/2024,13:44:29,4,VoIP,104.215.189.26,163.116.193.113,ICMP,8.7,3.9,24.23,3.91,199,64,Voice
358,3/20/2024,12:50:12,2,YouTube,180.253.248.223,192.168.1.51,TCP,0,1.265,26,7,33,1953,Video
451,3/20/2024,14:56:59,0,Xbox,180.253.248.223,192.168.1.51,TCP,0,4.644740854,114,36,111,2774,Game
10,3/14/2024,13:07:40,0,Steam ,110.137.195.148,192.168.100.58,TCP,3,4.55,5,227,13,380.4536082,Game
197,3/18/2024,13:21:31,4,VoIP,104.215.189.26,163.116.193.94,ICMP,4.69,4.07,26.45,8.11,27,64,Voice
617,3/21/2024,8:37:06,4,VoIP,104.215.189.26,163.116.193.113,ICMP,12.4,4,24.48,5.62,208,64,Voice
82,3/15/2024,23:09:31,0,Steam,110.137.195.148,192.168.100.58,TCP,2,5.04,7,335,15,521.5918367,Game
817,3/24/2024,21:43:34,4,VoIP,104.215.189.26,163.116.193.113,ICMP,0,6.23,21.22,24.78,274,64,Voice
501,3/20/2024,15:48:12,0,Steam,180.253.248.223,192.168.1.51,TCP,0,0.7350568182,6,15,17,1781,Game
893,3/27/2024,3:54:47,2,YouTube,36.65.255.55,192.168.0.112,TCP,0,0.6717299578,23,94,32,2013,Video
240,3/19/2024,12:51:23,4,VoIP,104.215.189.26,163.116.193.113,ICMP,6.45,3.9,24.05,5.27,204,64,Voice
307,3/20/2024,3:04:19,2,YouTube,180.244.128.30,192.168.0.112,TCP,0,0.5991489362,21,48,32,1949,Video
212,3/18/2024,14:12:49,4,VoIP,35.229.206.207,163.116.193.94,ICMP,8.73,1.75,81.99,24.7,213,64,Voice
732,3/22/2024,9:22:09,4,VoIP,35.229.206.207,163.116.193.113,ICMP,3.23,3.91,62.65,3.21,232,64,Voice
378,3/20/2024,13:07:21,2,TiktTok,180.253.248.223,192.168.1.51,TCP,0,1.045353982,12,36,28,1856,Video
591,3/21/2024,3:50:22,2,TiktTok,36.65.255.55,192.168.0.112,TCP,0,0.4096846847,8,96,17,1880,Video
228,3/19/2024,10:54:41,4,VoIP,104.215.189.26,163.116.193.113,ICMP,4.13,1.8,47.18,35.65,207,64,Voice
933,3/27/2024,14:49:23,2,TikTok,167.205.0.224,10.5.106.48,TCP,0,1.241935484,34,52,28,2070,Video
536,3/21/2024,2:40:24,0,Xbox,36.65.255.55,192.168.0.112,TCP,0,3.439130435,177,98,238,3403,Game
812,3/24/2024,21:22:52,4,VoIP,108.137.97.103,163.116.193.113,ICMP,0,15.84,7.77,5.35,189,64,Voice
178,3/18/2024,8:51:34,4,VoIP,35.229.206.207,163.116.193.94,ICMP,2.4,4.23,65.48,8.66,218,64,Voice
789,3/22/2024,15:34:06,4,VoIP,108.137.97.103,163.116.193.113,ICMP,8.87,4.3,39.02,3.26,214,64,Voice
382,3/20/2024,13:10:58,2,TiktTok,180.253.248.223,192.168.1.51,TCP,0,0.5827433628,12,36,24,1856,Video
491,3/20/2024,15:40:09,0,Steam,180.253.248.223,192.168.1.51,TCP,0,0.6456447964,7,343,15,2118,Game
332,3/20/2024,3:36:25,2,YouTube,180.244.128.30,192.168.0.112,TCP,0,0.6164029536,23,51,29,1970,Video
935,3/27/2024,14:51:26,2,TikTok,167.205.0.224,10.5.106.48,TCP,3,1.38500253,33,87,30,2101.945838,Video
8,3/14/2024,12:35:45,0,Xbox,110.137.195.148,192.168.100.58,TCP,0,3.31,229,246,282,4563,Game
156,3/16/2024,19:42:43,4,VoIP,35.229.206.207,163.116.193.94,ICMP,0,8.81,65.18,8.94,156,64,Voice
552,3/21/2024,2:53:22,0,Xbox,36.65.255.55,192.168.0.112,TCP,0,2.395248724,178,98,181,3412,Game
868,3/26/2024,15:26:05,4,VoIP,35.229.206.207,163.116.193.115,ICMP,4.07,3.87,65.77,6.2,210,64,Voice
597,3/21/2024,3:55:26,2,TiktTok,36.65.255.55,192.168.0.112,TCP,0,0.3735426009,9,98,17,1891,Video
916,3/27/2024,5:10:19,2,YouTube,36.65.255.55,192.168.0.112,TCP,0,0.7324894515,23,93,32,2012,Video
793,3/24/2024,14:58:11,4,VoIP,108.137.97.103,163.116.193.113,ICMP,7.02,15.56,8.99,2.98,235,64,Voice
818,3/24/2024,22:02:25,4,VoIP,108.137.97.103,163.116.193.113,ICMP,0,15.92,15.13,10.93,168,64,Voice
352,3/20/2024,12:39:19,2,YouTube,180.253.248.223,192.168.1.51,TCP,0,1.253230932,22,342,33,2252,Video
590,3/21/2024,3:49:51,2,TiktTok,36.65.255.55,192.168.0.112,TCP,0,0.4447115385,20,84,25,1976,Video
951,3/27/2024,16:21:46,2,TikTok,167.205.0.224,10.5.106.48,TCP,0,1.244117647,24,86,28,2014,Video
579,3/21/2024,3:35:57,2,TiktTok,36.65.255.55,192.168.0.112,TCP,0,0.3275784753,9,96,12,1889,Video
437,3/20/2024,14:10:11,0,Xbox,180.253.248.223,192.168.1.51,TCP,0,5.724077869,152,308,161,3388,Game
826,3/24/2024,22:49:36,4,VoIP,108.137.97.103,163.116.193.113,ICMP,0,12.41,8.6,7.37,23,64,Voice
595,3/21/2024,3:53:41,2,TiktTok,36.65.255.55,192.168.0.112,TCP,0,0.6417040359,9,97,24,1890,Video
722,3/22/2024,8:42:49,4,VoIP,104.215.189.26,163.116.193.94,ICMP,0,4.23,22.31,3.63,204,64,Voice
694,3/21/2024,13:31:42,0,Steam,10.31.103.178,167.205.0.252,TCP,10,1.819125,24,268,49,2215.232323,Game
975,3/27/2024,18:07:04,0,Xbox,36.65.252.246,192.168.0.112,TCP,0,2.201826196,183,78,185,3437,Game
229,3/19/2024,10:54:45,4,VoIP,108.137.97.103,163.116.193.113,ICMP,4.13,3.72,72.48,43.56,206,64,Voice
371,3/20/2024,13:01:02,2,TiktTok,180.253.248.223,192.168.1.51,TCP,0,0.6294642857,10,1,20,1803,Video
837,3/24/2024,23:48:03,4,VoIP,104.215.189.26,163.116.193.113,ICMP,0,15.09,21.34,3.29,30,64,Voice
213,3/18/2024,14:12:53,4,VoIP,104.215.189.26,163.116.193.113,ICMP,5.79,3.3,40.86,17.98,212,64,Voice
80,3/15/2024,23:07:49,0,Steam,110.137.195.148,192.168.100.58,TCP,1,5.03,6,48,14,215.6161616,Game
149,3/16/2024,17:33:19,0,Steam,110.137.195.148,192.168.100.58,TCP,0,1.77,5,371,12,512,Game
303,3/20/2024,3:01:04,2,YouTube,180.244.128.30,192.168.0.112,TCP,0,0.2575949367,23,53,33,1972,Video
353,3/20/2024,12:42:28,2,YouTube,180.253.248.223,192.168.1.51,TCP,0,0.8967741935,34,3,32,2021,Video
343,3/20/2024,3:46:29,2,YouTube,180.244.128.30,192.168.0.112,TCP,0,0.6678571429,24,49,34,1977,Video
631,3/21/2024,10:29:19,4,VoIP,104.215.189.26,163.116.193.113,ICMP,1.61,3.4,21.3,12.48,222,64,Voice
360,3/20/2024,12:51:55,2,YouTube,180.253.248.223,192.168.1.51,TCP,0,1.153333333,26,17,32,1963,Video
940,3/27/2024,14:55:09,2,TikTok,167.205.0.224,10.5.106.48,TCP,0,1.172826087,39,85,26,2148,Video
539,3/21/2024,2:43:02,0,Xbox,36.65.255.55,192.168.0.112,TCP,0,2.821391753,174,95,178,3373,Game
134,3/16/2024,17:11:32,0,Xbox,110.137.195.148,192.168.100.58,TCP,0,1.52,284,34,300,4990,Game
980,3/27/2024,18:12:08,0,Xbox,36.65.252.246,192.168.0.112,TCP,0,2.058609069,194,81,203,3539,Game
312,3/20/2024,3:07:54,2,YouTube,180.244.128.30,192.168.0.112,TCP,0,0.7708333333,20,48,39,1940,Video
811,3/24/2024,21:12:58,4,VoIP,104.215.189.26,163.116.193.113,ICMP,0,8.68,22.43,25.64,261,64,Voice
853,3/25/2024,10:01:06,4,VoIP,35.229.206.207,163.116.193.126,ICMP,3.94,3.95,64.7,3.84,214,64,Voice
804,3/24/2024,16:09:48,4,VoIP,104.215.189.26,163.116.193.113,ICMP,0,15.89,20.67,24.87,271,64,Voice
1,3/14/2024,9:33:04,4,VoIP,108.137.97.103,110.137.195.123,ICMP,0,13.11,9.76,4.25,24,64,Voice
317,3/20/2024,3:11:28,2,YouTube,180.244.128.30,192.168.0.112,TCP,0,0.4412289916,24,48,31,1976,Video
721,3/22/2024,8:42:45,4,VoIP,108.137.97.103,163.116.193.113,ICMP,20.17,4.43,37.99,3.31,204,64,Voice
558,3/21/2024,2:58:13,0,Xbox,36.65.255.55,192.168.0.112,TCP,0,2.295918367,178,96,180,3410,Game
452,3/20/2024,14:57:48,0,Xbox,180.253.248.223,192.168.1.51,TCP,3,6.072219325,112,3,152,2730.847543,Game
543,3/21/2024,2:46:14,0,Xbox,36.65.255.55,192.168.0.112,TCP,0,2.964194373,177,98,190,3403,Game
500,3/20/2024,15:47:25,0,Steam,180.253.248.223,192.168.1.51,TCP,0,0.7793918919,8,342,18,2126,Game
666,3/21/2024,12:47:03,0,Steam,10.31.103.178,167.205.0.252,TCP,30,3.332020631,95,103,111,2746.453608,Game
173,3/16/2024,21:07:45,4,VoIP,35.229.206.207,163.116.193.94,ICMP,0,14.01,61.32,2.85,181,64,Voice
126,3/16/2024,13:49:50,4,VoIP,108.137.97.103,163.116.193.94,ICMP,0.81,16.1,67.94,10.38,20,64,Voice
712,3/21/2024,15:07:32,4,VoIP,108.137.97.103,163.116.193.113,ICMP,10,3.47,40.21,8.45,213,64,Voice
441,3/20/2024,14:49:19,0,Xbox,180.253.248.223,192.168.1.51,TCP,0,4.178395062,110,41,112,2743,Game
653,3/21/2024,12:31:13,0,Steam,10.31.103.178,167.205.0.252,TCP,3,2.741222885,117,103,118,2875.967904,Game
919,3/27/2024,14:33:04,2,TikTok,167.205.0.224,10.5.106.48,TCP,11,1.012025156,26,18,37,1985.354904,Video
91,3/15/2024,23:21:33,0,Steam,110.137.195.148,192.168.100.58,TCP,2,4.32,6,256,16,441.5918367,Game
989,3/27/2024,18:19:08,0,Xbox,36.65.252.246,192.168.0.112,TCP,0,3.063132911,181,93,239,3434,Game
182,3/18/2024,8:54:21,4,VoIP,108.137.97.103,163.116.193.94,ICMP,14.29,4.42,43.37,9.3,218,64,Voice
364,3/20/2024,12:54:56,2,YouTube,180.253.248.223,192.168.1.51,TCP,0,1.779569328,24,10,31,1938,Video
275,3/20/2024,2:31:23,2,YouTube,180.244.128.30,192.168.0.112,TCP,0,2.728544776,22,50,45,608,Video
911,3/27/2024,5:06:14,2,YouTube,36.65.255.55,192.168.0.112,TCP,0,0.9880826271,22,94,41,2004,Video
70,3/15/2024,22:17:28,2,TikTok,110.137.195.148,192.168.100.58,TCP,0,4.96,6,359,15,533,Video
292,3/20/2024,2:52:10,2,YouTube,180.244.128.30,192.168.0.112,TCP,0,0.7042553191,21,51,40,1952,Video
132,3/16/2024,14:15:00,4,VoIP,108.137.97.103,163.116.193.94,ICMP,0,10.92,63.07,8.63,155,64,Voice
301,3/20/2024,2:58:47,2,YouTube,180.244.128.30,192.168.0.112,TCP,0,0.5242553191,21,48,32,1949,Video
445,3/20/2024,14:51:53,0,Xbox,180.253.248.223,192.168.1.51,TCP,0,4.338078704,110,18,111,2720,Game
327,3/20/2024,3:33:31,2,YouTube,180.244.128.30,192.168.0.112,TCP,0,0.5175420168,24,50,26,1978,Video
145,3/16/2024,17:28:35,0,Xbox,110.137.195.148,192.168.100.58,TCP,2.7,1.89,229,50,300,4628.434738,Game
577,3/21/2024,3:34:13,2,TiktTok,36.65.255.55,192.168.0.112,TCP,0,0.3291666667,11,97,15,1908,Video
594,3/21/2024,3:53:04,2,TiktTok,36.65.255.55,192.168.0.112,TCP,0,0.3898995536,10,98,17,1900,Video
654,3/21/2024,12:31:33,4,VoIP,108.137.97.103,163.116.193.113,ICMP,0,4.43,48.09,0.99,220,64,Voice
136,3/16/2024,17:15:42,2,TikTok,110.137.195.148,192.168.100.58,TCP,0,2.1,6,50,15,224,Video
941,3/27/2024,14:56:14,2,TikTok,167.205.0.224,10.5.106.48,TCP,0,1.135871849,24,84,27,2012,Video
165,3/16/2024,20:48:14,4,VoIP,35.229.206.207,163.116.193.94,ICMP,0,7.62,62.11,2.72,20,64,Voice
29,3/15/2024,21:14:40,0,Xbox,110.137.195.148,192.168.100.58,TCP,0,3.33,229,244,297,4681,Game
573,3/21/2024,3:09:43,0,Xbox,36.65.255.55,192.168.0.112,TCP,3,3.149185184,180,96,231,3437.484453,Game
194,3/18/2024,13:17:54,4,VoIP,104.215.189.26,163.116.193.94,ICMP,1.65,2.27,24.22,4.29,214,64,Voice
778,3/22/2024,14:20:03,4,VoIP,104.215.189.26,163.116.193.113,ICMP,5.13,3.66,27.02,7.16,213,64,Voice
651,3/21/2024,12:29:29,0,Steam,10.31.103.178,167.205.0.252,TCP,3,1.82353592,47,106,67,2247.282849,Game
170,3/16/2024,20:53:33,4,VoIP,35.229.206.207,163.116.193.94,ICMP,0,14.37,61.66,1.84,156,64,Voice
881,3/27/2024,3:40:12,2,YouTube,36.65.255.55,192.168.0.112,TCP,0,0.7443037975,23,99,32,2018,Video
141,3/16/2024,17:22:16,2,TikTok,110.137.195.148,192.168.100.58,TCP,0,2.37,7,373,15,556,Video
174,3/16/2024,21:36:48,4,VoIP,108.137.97.103,163.116.193.94,ICMP,7.76,15.23,106.55,65.53,20,64,Voice
7,3/14/2024,12:27:23,3,TikTok,110.137.195.148,192.168.100.58,TCP,0,4.43,6,226,17,416,Video 
828,3/24/2024,23:14:38,4,VoIP,108.137.97.103,163.116.193.113,ICMP,0.8,15.18,10.18,4.38,160,64,Voice
502,3/20/2024,15:49:34,0,Steam,180.253.248.223,192.168.1.51,TCP,0,0.8468468468,8,8,20,1792,Game
74,3/15/2024,22:54:02,2,Youtube,110.137.195.148,192.168.100.58,TCP,0,4.39,37,51,54,816,Video
697,3/21/2024,13:34:46,4,VoIP,108.137.97.103,163.116.193.113,ICMP,0,4.23,37.26,3.37,213,64,Voice
546,3/21/2024,2:48:18,0,Xbox,36.65.255.55,192.168.0.112,TCP,0,2.330769231,176,97,180,3393,Game
239,3/19/2024,12:41:39,4,VoIP,108.137.97.103,163.116.193.113,ICMP,6.9,4.32,40.34,6.82,202,64,Voice
146,3/16/2024,17:29:49,2,TikTok,110.137.195.148,192.168.100.58,TCP,4,1.96,5,369,20,582.3333333,Video
807,3/24/2024,20:47:08,4,VoIP,104.215.189.26,163.116.193.113,ICMP,0,15.85,20.35,3.98,229,64,Voice
235,3/19/2024,12:14:48,4,VoIP,104.215.189.26,163.116.193.113,ICMP,3.45,4.4,23.15,3.97,218,64,Voice
221,3/18/2024,15:37:10,4,VoIP,108.137.97.103,163.116.193.113,ICMP,0.84,4.21,41.45,6.42,205,64,Voice
498,3/20/2024,15:45:37,0,Steam,180.253.248.223,192.168.1.51,TCP,0,0.7495454545,6,4,17,1770,Game
982,3/27/2024,18:14:20,0,Xbox,36.65.252.246,192.168.0.112,TCP,0,2.235949367,181,85,184,3426,Game
133,3/16/2024,17:09:22,2,Youtube,110.137.195.148,192.168.100.58,TCP,0,1.64,40,50,45,770,Video
1009,3/27/2024,19:15:05,0,Xbox,36.65.252.246,192.168.0.112,TCP,0,2.15506927,183,67,195,3426,Game
431,3/20/2024,14:04:25,0,Xbox,180.253.248.223,192.168.1.51,TCP,0,1.764076923,111,355,142,3066,Game
669,3/21/2024,12:50:24,0,Steam,10.31.103.178,167.205.0.252,TCP,20,1.435849678,97,252,87,2887.77551,Game
186,3/18/2024,10:22:26,4,VoIP,35.229.206.207,163.116.193.94,ICMP,4.55,3.65,67.04,9.03,211,64,Voice
42,3/15/2024,21:40:12,0,Xbox,110.137.195.148,192.168.100.58,TCP,0,3.59,232,355,277,4659,Game
706,3/21/2024,14:15:07,4,VoIP,108.137.97.103,163.116.193.113,ICMP,4.31,4.38,41.17,6.92,224,64,Voice
109,3/16/2024,12:29:09,4,VoIP,108.137.97.103,163.116.193.94,ICMP,0.78,14.54,65.14,4.9,19,64,Voice
602,3/21/2024,3:59:08,2,TiktTok,36.65.255.55,192.168.0.112,TCP,0,0.4358744395,9,98,18,1891,Video
57,3/15/2024,22:00:21,0,Steam,110.137.195.148,192.168.100.58,TCP,0,5.02,6,376,14,542,Game
426,3/20/2024,13:59:07,0,Xbox,180.253.248.223,192.168.1.51,TCP,0,2.908024691,110,172,112,2874,Game
463,3/20/2024,15:07:58,0,Xbox,180.253.248.223,192.168.1.51,TCP,0,4.673688272,110,341,119,3043,Game
586,3/21/2024,3:46:03,2,TiktTok,36.65.255.55,192.168.0.112,TCP,0,0.4389508929,10,97,19,1899,Video
967,3/27/2024,17:53:58,2,TikTok,36.65.252.246,192.168.0.112,TCP,7,0.6037944915,22,83,35,2006.309164,Video
25,3/14/2024,14:04:45,2,Youtube,110.137.195.148,192.168.100.58,TCP,0,3.05,39,358,44,1061,Video
1012,3/27/2024,20:06:27,0,Xbox,36.65.252.246,192.168.0.112,TCP,0,2.18790932,183,71,202,3430,Game
468,3/20/2024,15:19:20,0,Xbox,36.65.255.55,192.168.0.112,TCP,0,2.536160714,178,96,182,3410,Game
542,3/21/2024,2:45:29,0,Xbox,36.65.255.55,192.168.0.112,TCP,0,2.885604113,175,96,200,3383,Game
632,3/21/2024,10:33:22,4,VoIP,108.137.97.103,163.116.193.113,ICMP,6.72,3.86,39.69,7.54,30,64,Voice
708,3/21/2024,14:40:18,4,VoIP,108.137.97.103,163.116.193.113,ICMP,2.38,4.22,38.7,5.92,222,64,Voice
943,3/27/2024,14:57:28,2,TikTok,167.205.0.224,10.5.106.48,TCP,0,1.131223629,23,86,28,2005,Video
339,3/20/2024,3:42:31,2,YouTube,180.244.128.30,192.168.0.112,TCP,0,0.5330882353,24,49,35,1977,Video
52,3/15/2024,21:52:28,0,Xbox,110.137.195.148,192.168.100.58,TCP,0,4.31,238,355,294,4849,Game
384,3/20/2024,13:12:59,2,TiktTok,180.253.248.223,192.168.1.51,TCP,0,0.4644444444,11,50,19,1861,Video
526,3/20/2024,21:10:38,2,TiktTok,36.69.143.150,192.168.0.112,TCP,0,0.5685064935,17,82,51,1947,Video
937,3/27/2024,14:52:57,2,TikTok,167.205.0.224,10.5.106.48,TCP,7,1.512152813,26,91,33,2050.534743,Video
814,3/24/2024,21:32:13,4,VoIP,108.137.97.103,163.116.193.113,ICMP,0,10.02,8.9,3.05,185,64,Voice
265,3/19/2024,15:33:32,4,VoIP,108.137.97.103,163.116.193.113,ICMP,5.83,4.42,38.66,3.97,210,64,Voice
548,3/21/2024,2:50:04,0,Xbox,36.65.255.55,192.168.0.112,TCP,0,2.133247423,174,96,178,3374,Game
908,3/27/2024,5:02:46,2,YouTube,36.65.255.55,192.168.0.112,TCP,0,0.6595744681,21,98,31,1999,Video
696,3/21/2024,13:34:07,0,Steam,10.31.103.178,167.205.0.252,TCP,13,1.371313125,26,217,36,2188.288754,Game
396,3/20/2024,13:22:21,2,TiktTok,180.253.248.223,192.168.1.51,TCP,0,1.451059322,22,7,36,1917,Video
528,3/20/2024,21:12:33,2,TiktTok,36.69.143.150,192.168.0.112,TCP,0,0.3250563063,8,95,23,1879,Video
469,3/20/2024,15:20:02,0,Steam,180.253.248.223,192.168.1.51,TCP,0,0.9176569507,9,38,17,1831,Game
19,3/14/2024,13:42:39,3,Youtube,110.137.195.148,192.168.100.58,TCP,0,3.34,39,340,52,1107,Video 
829,3/24/2024,23:14:41,4,VoIP,104.215.189.26,163.116.193.113,ICMP,0.8,14.69,21.2,4.08,225,64,Voice
507,3/20/2024,15:54:25,0,Steam,180.253.248.223,192.168.1.51,TCP,0,0.6872747748,8,17,17,1801,Game
670,3/21/2024,12:52:17,0,Steam,10.31.103.178,167.205.0.252,TCP,27,2.534921053,90,95,99,2684.486125,Game
454,3/20/2024,15:00:32,0,Xbox,180.253.248.223,192.168.1.51,TCP,0,4.913246269,121,6,115,2807,Game
368,3/20/2024,12:57:13,2,TiktTok,180.253.248.223,192.168.1.51,TCP,3,0.7221573661,10,4,20,1811.392177,Video
84,3/15/2024,23:12:48,0,Xbox,110.137.195.148,192.168.100.58,TCP,4,3.6,234,255,294,4889,Game
62,3/15/2024,22:07:19,0,Xbox,110.137.195.148,192.168.100.58,TCP,0,4.12,215,252,297,4563,Game
994,3/27/2024,18:54:47,0,Xbox,36.65.252.246,192.168.0.112,TCP,0,2.478607595,181,80,183,3421,Game
273,3/19/2024,19:13:45,4,VoIP,108.137.97.103,163.116.193.113,ICMP,2.61,15.45,7.79,2.76,195,64,Voice
286,3/20/2024,2:40:53,2,YouTube,180.244.128.30,192.168.0.112,TCP,0,0.6368670886,23,47,35,1966,Video
361,3/20/2024,12:52:15,2,YouTube,180.253.248.223,192.168.1.51,TCP,0,1.556485356,25,44,32,1981,Video
355,3/20/2024,12:47:32,2,YouTube,180.253.248.223,192.168.1.51,TCP,0,1.136035565,25,8,29,1945,Video
479,3/20/2024,15:29:40,0,Steam,180.253.248.223,192.168.1.51,TCP,0,0.7234304933,9,39,18,1832,Game
279,3/20/2024,2:35:17,2,YouTube,180.244.128.30,192.168.0.112,TCP,0,0.4527659574,21,49,32,1950,Video
13,3/14/2024,13:10:03,0,Xbox,110.137.195.148,192.168.100.58,TCP,0,3.71,229,265,305,4766,Game
183,3/18/2024,9:43:50,4,VoIP,104.215.189.26,163.116.193.94,ICMP,1.61,3.39,24.14,3.18,211,64,Voice
369,3/20/2024,12:59:16,2,TiktTok,180.253.248.223,192.168.1.51,TCP,0,0.7188888889,11,341,20,2152,Video
514,3/20/2024,16:06:01,0,Steam,180.253.248.223,192.168.1.51,TCP,0,0.6441176471,7,16,12,1791,Game
629,3/21/2024,9:55:43,4,VoIP,104.215.189.26,163.116.193.113,ICMP,0.82,4,26.57,6.38,224,64,Voice
224,3/19/2024,10:09:45,4,VoIP,104.215.189.26,163.116.193.113,ICMP,0,24.2,73.51,18.83,253,64,Voice
585,3/21/2024,3:42:20,2,TiktTok,36.65.255.55,192.168.0.112,TCP,0,0.3268581081,8,98,15,1882,Video
713,3/21/2024,15:07:36,4,VoIP,104.215.189.26,163.116.193.113,ICMP,8.55,4.4,25.16,8.93,201,64,Voice
690,3/21/2024,13:27:45,0,Steam,10.31.103.178,167.205.0.252,TCP,20,2.08104661,22,266,39,2214.530612,Game
810,3/24/2024,21:12:55,4,VoIP,108.137.97.103,163.116.193.113,ICMP,0,16.05,10.21,7.27,104,64,Voice
466,3/20/2024,15:10:31,0,Xbox,180.253.248.223,192.168.1.51,TCP,0,4.424384615,111,342,113,3053,Game
596,3/21/2024,3:54:28,2,TiktTok,36.65.255.55,192.168.0.112,TCP,3,0.6025985294,7,97,26,1877.31996,Video
622,3/21/2024,9:03:22,4,VoIP,108.137.97.103,163.116.193.113,ICMP,7.56,3.52,42.63,8.91,209,64,Voice
177,3/18/2024,8:51:30,4,VoIP,108.137.97.103,163.116.193.94,ICMP,1.61,4.07,39.64,3.67,26,64,Voice
679,3/21/2024,13:14:19,0,Steam,10.31.103.178,167.205.0.252,TCP,17,1.558787021,21,52,58,1985.512716,Game
715,3/21/2024,15:32:44,4,VoIP,104.215.189.26,163.116.193.113,ICMP,0,3.5,24.57,4.81,212,64,Voice
599,3/21/2024,3:57:23,2,TiktTok,36.65.255.55,192.168.0.112,TCP,0,0.4405405405,8,84,16,1868,Video
457,3/20/2024,15:03:52,0,Xbox,180.253.248.223,192.168.1.51,TCP,0,5.977777778,110,23,144,2725,Game
531,3/21/2024,2:36:19,0,Xbox,36.65.255.55,192.168.0.112,TCP,0,2.425192802,175,95,178,3382,Game
394,3/20/2024,13:21:09,2,TiktTok,180.253.248.223,192.168.1.51,TCP,0,0.6998333333,11,5,17,1816,Video
164,3/16/2024,20:23:15,4,VoIP,104.215.189.26,163.116.193.94,ICMP,0,15.64,20.56,21.56,242,64,Voice
249,3/19/2024,13:38:16,4,VoIP,104.215.189.26,163.116.193.113,ICMP,9.24,4.2,27.95,8.63,205,64,Voice
886,3/27/2024,3:50:21,2,YouTube,36.65.255.55,192.168.0.112,TCP,0,0.7783613445,24,92,38,2020,Video
901,3/27/2024,4:58:11,2,YouTube,36.65.255.55,192.168.0.112,TCP,0,0.7996323529,24,94,35,2022,Video
683,3/21/2024,13:19:22,0,Steam,10.31.103.178,167.205.0.252,TCP,20,1.437281646,23,334,31,2291.693878,Game
376,3/20/2024,13:05:11,2,TiktTok,180.253.248.223,192.168.1.51,TCP,0,1.521186441,22,356,40,2266,Video
413,3/20/2024,13:36:57,2,TiktTok,180.253.248.223,192.168.1.51,TCP,0,0.8058035714,10,35,19,1837,Game
75,3/15/2024,22:55:38,2,TikTok,110.137.195.148,192.168.100.58,TCP,0,6.12,7,357,32,676,Video
114,3/16/2024,12:36:59,4,VoIP,108.137.97.103,163.116.193.94,ICMP,0.8,6.61,62.56,2.52,147,64,Voice
582,3/21/2024,3:38:42,2,TiktTok,36.65.255.55,192.168.0.112,TCP,0,0.2875,14,96,12,1934,Video
571,3/21/2024,3:08:10,0,Xbox,36.65.255.55,192.168.0.112,TCP,0,2.595482673,190,96,186,3518,Game
391,3/20/2024,13:18:02,2,TiktTok,180.253.248.223,192.168.1.51,TCP,0,0.5275862069,18,3,18,1877,Video
105,3/16/2024,12:14:07,4,VoIP,35.229.206.207,163.116.193.94,ICMP,5.79,14.46,71.06,9.8,218,64,Voice
115,3/16/2024,12:59:15,4,VoIP,35.229.206.207,163.116.193.94,ICMP,2.4,10.3,66.51,12.24,152,64,Voice
418,3/20/2024,13:49:21,0,Xbox,180.253.248.223,192.168.1.51,TCP,0,3.502430556,110,176,131,2878,Game
496,3/20/2024,15:44:38,0,Steam,180.253.248.223,192.168.1.51,TCP,0,0.6447963801,7,2,15,1777,Game
458,3/20/2024,15:04:11,0,Xbox,180.253.248.223,192.168.1.51,TCP,0,5.396,111,167,142,2878,Game
410,3/20/2024,13:33:13,2,TiktTok,180.253.248.223,192.168.1.51,TCP,0,1.140909091,17,36,28,1901,Video
93,3/15/2024,23:24:39,2,Youtube,110.137.195.148,192.168.100.58,TCP,0,5.16,22,253,51,859,Video
576,3/21/2024,3:33:03,2,TiktTok,36.65.255.55,192.168.0.112,TCP,0,0.25,8,95,10,1879,Video
90,3/15/2024,23:20:09,0,Steam,110.137.195.148,192.168.100.58,TCP,4.3,3.66,5,376,14,539.8296761,Game
337,3/20/2024,3:41:19,2,YouTube,180.244.128.30,192.168.0.112,TCP,0,0.4461864407,22,48,24,1958,Video
1007,3/27/2024,19:05:41,0,Xbox,36.65.252.246,192.168.0.112,TCP,0,2.118969849,184,74,202,3442,Game
938,3/27/2024,14:53:04,2,TikTok,167.205.0.224,10.5.106.48,TCP,0,1.19809322,22,86,26,1996,Video
950,3/27/2024,16:21:04,2,TikTok,167.205.0.224,10.5.106.48,TCP,0,1.379746835,23,87,30,2006,Video
882,3/27/2024,3:41:01,2,YouTube,36.65.255.55,192.168.0.112,TCP,7,1.255791841,25,94,62,2044.478348,Video
619,3/21/2024,8:41:54,4,VoIP,104.215.189.26,163.116.193.113,ICMP,0,4.3,23.31,4.68,207,64,Voice
623,3/21/2024,9:03:25,4,VoIP,104.215.189.26,163.116.193.113,ICMP,10.17,4,28.55,10.61,213,64,Voice
750,3/22/2024,11:32:16,4,VoIP,35.229.206.207,163.116.193.113,ICMP,5.17,3.96,65.04,4.47,26,64,Voice
95,3/15/2024,23:27:45,2,TikTok,110.137.195.148,192.168.100.58,TCP,2.5,4.49,8,332,16,536.9230769,Video
12,3/14/2024,13:08:23,2,Youtube,110.137.195.148,192.168.100.58,TCP,0,2.03,39,227,45,1064,Video
397,3/20/2024,13:23:18,2,TiktTok,180.253.248.223,192.168.1.51,TCP,0,0.625862069,18,20,16,1894,Video
544,3/21/2024,2:47:36,0,Xbox,36.65.255.55,192.168.0.112,TCP,0,2.568123393,175,96,180,3383,Game
44,3/15/2024,21:42:35,2,TikTok,110.137.195.148,192.168.100.58,TCP,0,3.68,6,245,14,411,Video
43,3/15/2024,21:41:20,0,Steam,110.137.195.148,192.168.100.58,TCP,0,4.48,5,47,14,204,Game
330,3/20/2024,3:35:27,2,YouTube,180.244.128.30,192.168.0.112,TCP,0,0.6025104603,25,49,30,1986,Video
168,3/16/2024,20:53:26,4,VoIP,104.215.189.26,163.116.193.94,ICMP,0.84,15.63,32.78,15.45,32,64,Voice
417,3/20/2024,13:39:57,2,TiktTok,180.253.248.223,192.168.1.51,TCP,3,1.622369205,47,36,61,2177.282849,Video
771,3/22/2024,14:09:23,4,VoIP,104.215.189.26,163.116.193.94,ICMP,2.54,3.97,23.23,4.87,209,64,Voice
427,3/20/2024,14:01:23,0,Xbox,180.253.248.223,192.168.1.51,TCP,0,3.365443425,113,21,124,2750,Game
946,3/27/2024,16:18:05,2,TikTok,167.205.0.224,10.5.106.48,TCP,0,1.139556962,23,86,26,2005,Video
979,3/27/2024,18:11:03,0,Xbox,36.65.252.246,192.168.0.112,TCP,0,2.003778338,183,94,185,3453,Game
698,3/21/2024,13:34:55,4,VoIP,104.215.189.26,163.116.193.113,ICMP,0.81,3.7,24.99,5.9,212,64,Voice
626,3/21/2024,9:40:44,4,VoIP,108.137.97.103,163.116.193.113,ICMP,3.33,4.38,45.38,10.48,221,64,Voice
258,3/19/2024,14:51:09,4,VoIP,104.215.189.26,163.116.193.113,ICMP,5.88,4.1,26.81,8.5,202,64,Voice
336,3/20/2024,3:40:23,2,YouTube,180.244.128.30,192.168.0.112,TCP,0,0.3855371901,28,50,24,2014,Video
16,3/14/2024,13:36:33,0,Xbox,110.137.195.148,192.168.100.58,TCP,0,3.41,230,342,293,4756,Game
852,3/25/2024,10:01:01,4,VoIP,104.215.189.26,163.116.193.113,ICMP,8.47,4.13,29.06,9.2,220,64,Voice
325,3/20/2024,3:31:58,2,YouTube,180.244.128.30,192.168.0.112,TCP,0,0.5862869198,23,51,28,1970,Video
875,3/27/2024,3:35:07,2,YouTube,36.65.255.55,192.168.0.112,TCP,0,0.7311440678,22,94,29,2004,Video
223,3/19/2024,9:47:54,4,VoIP,108.137.97.103,163.116.193.113,ICMP,0,17.24,63.1,15.45,252,64,Voice
180,3/18/2024,8:54:12,4,VoIP,35.229.206.207,163.116.193.94,ICMP,7.26,3.93,65.85,6.58,206,64,Voice
1002,3/27/2024,19:01:50,0,Xbox,36.65.252.246,192.168.0.112,TCP,0,2.340759494,181,90,184,3431,Game
522,3/20/2024,21:06:32,2,TiktTok,36.69.143.150,192.168.0.112,TCP,0,0.2313876652,13,94,22,1923,Video
23,3/14/2024,13:59:23,4,VoIP,35.229.206.207,110.137.195.123,ICMP,0.84,13.45,62.07,2.9,25,64,Voice
357,3/20/2024,12:49:57,2,YouTube,180.253.248.223,192.168.1.51,TCP,0,0.8940871369,27,342,34,2297,Video
680,3/21/2024,13:15:22,0,Steam,10.31.103.178,167.205.0.252,TCP,17,1.386593177,26,361,53,2340.204476,Game
877,3/27/2024,3:37:31,2,YouTube,36.65.255.55,192.168.0.112,TCP,0,0.96,21,93,47,1994,Video
341,3/20/2024,3:44:49,2,YouTube,180.244.128.30,192.168.0.112,TCP,0,0.9075630252,24,46,45,1974,Video
432,3/20/2024,14:06:13,0,Xbox,180.253.248.223,192.168.1.51,TCP,0,1.375385802,110,29,115,2731,Game
934,3/27/2024,14:50:18,2,TikTok,167.205.0.224,10.5.106.48,TCP,7,1.398676829,32,51,28,2064.873112,Video
849,3/25/2024,9:47:06,4,VoIP,104.215.189.26,163.116.193.113,ICMP,8.62,3.66,27.09,7.75,27,64,Voice
204,3/18/2024,13:52:08,4,VoIP,108.137.97.103,163.116.193.94,ICMP,8.87,3.66,49.55,14.2,26,64,Voice
644,3/21/2024,12:22:02,0,Steam,10.31.103.178,167.205.0.252,TCP,3,1.548910714,31,102,42,2098.897693,Game
94,3/15/2024,23:26:04,0,Xbox,110.137.195.148,192.168.100.58,TCP,0,3.56,220,372,308,4816,Game
569,3/21/2024,3:07:07,0,Xbox,36.65.255.55,192.168.0.112,TCP,0,2.839673913,177,99,187,3404,Game
69,3/15/2024,22:16:14,0,Xbox,110.137.195.148,192.168.100.58,TCP,0,4.03,230,330,293,4744,Game
636,3/21/2024,11:05:31,4,VoIP,108.137.97.103,163.116.193.113,ICMP,1.69,4.37,39.03,5.27,206,64,Voice
285,3/20/2024,2:40:32,2,YouTube,180.244.128.30,192.168.0.112,TCP,0,0.8305851064,21,50,45,1951,Video
820,3/24/2024,22:13:19,4,VoIP,108.137.97.103,163.116.193.113,ICMP,0,15.32,9.77,12.72,192,64,Voice
435,3/20/2024,14:08:31,0,Xbox,180.253.248.223,192.168.1.51,TCP,0,2.730275229,113,25,144,2754,Game
154,3/16/2024,19:26:15,4,VoIP,35.229.206.207,163.116.193.94,ICMP,3.33,11.1,72.22,10.38,195,64,Voice
76,3/15/2024,23:02:31,0,Xbox,110.137.195.148,192.168.100.58,TCP,2,3.98,245,223,294,4868,Game
794,3/24/2024,14:58:14,4,VoIP,104.215.189.26,163.116.193.113,ICMP,5.17,6,21.13,15.6,273,64,Voice
447,3/20/2024,14:53:58,0,Xbox,180.253.248.223,192.168.1.51,TCP,0,3.661458333,110,21,111,2723,Game
189,3/18/2024,10:46:02,4,VoIP,35.229.206.207,163.116.193.94,ICMP,1.64,4.44,64.59,3.58,26,64,Voice
272,3/19/2024,19:13:32,4,VoIP,104.215.189.26,163.116.193.113,ICMP,2.63,15.5,46.28,12.98,245,64,Voice
237,3/19/2024,12:19:22,4,VoIP,104.215.189.26,163.116.193.113,ICMP,14.16,4.2,22.95,3.67,203,64,Voice
488,3/20/2024,15:37:52,0,Steam,180.253.248.223,192.168.1.51,TCP,0,0.7213800905,7,342,14,2117,Game
118,3/16/2024,13:24:33,4,VoIP,108.137.97.103,163.116.193.94,ICMP,0,15.28,65.88,5.98,152,64,Voice
834,3/24/2024,23:39:37,4,VoIP,104.215.189.26,163.116.193.113,ICMP,0,4.33,21.09,2.99,250,64,Voice
513,3/20/2024,16:05:07,0,Steam,180.253.248.223,192.168.1.51,TCP,0,0.8475336323,9,173,15,1966,Game
927,3/27/2024,14:42:11,2,TikTok,167.205.0.223,10.5.105.53,TCP,0,1.227584388,23,82,25,2001,Video
605,3/21/2024,5:10:22,2,TiktTok,36.65.255.55,192.168.0.112,TCP,0,0.4126121076,9,97,17,1890,Video
127,3/16/2024,13:53:25,4,VoIP,108.137.97.103,163.116.193.94,ICMP,5.26,15.98,65.85,7.6,154,64,Voice
117,3/16/2024,12:59:26,4,VoIP,108.137.97.103,163.116.193.94,ICMP,2.4,16.06,66.51,12.24,152,64,Voice
474,3/20/2024,15:25:12,0,Steam,180.253.248.223,192.168.1.51,TCP,0,0.8343891403,7,38,16,1813,Game
707,3/21/2024,14:15:12,4,VoIP,104.215.189.26,163.116.193.113,ICMP,2.52,4.4,26,6.33,224,64,Voice
58,3/15/2024,22:01:37,2,TikTok,110.137.195.148,192.168.100.58,TCP,0,5.27,6,18,14,184,Game
688,3/21/2024,13:25:39,0,Steam,10.31.103.178,167.205.0.252,TCP,27,1.116486709,23,267,37,2238.612539,Game
928,3/27/2024,14:43:33,2,TikTok,167.205.0.223,10.5.105.53,TCP,0,0.8531118143,23,82,25,2001,Video
370,3/20/2024,13:00:04,2,TiktTok,180.253.248.223,192.168.1.51,TCP,0,1.872509225,57,12,68,2237,Video
269,3/19/2024,17:44:19,4,VoIP,108.137.97.103,163.116.193.113,ICMP,0,8.42,12.89,10.39,192,64,Voice
47,3/15/2024,21:46:28,2,Youtube,110.137.195.148,192.168.100.58,TCP,0,4.55,34,35,47,717,Video
350,3/20/2024,12:37:21,2,YouTube,180.253.248.223,192.168.1.51,TCP,0,1.198319328,24,4,32,1932,Video
196,3/18/2024,13:18:04,4,VoIP,108.137.97.103,163.116.193.94,ICMP,7.32,4.08,41.94,6.79,212,64,Voice
1018,3/27/2024,20:16:23,0,Xbox,36.65.252.246,192.168.0.112,TCP,0,2.022025316,181,80,196,3421,Game
850,3/25/2024,9:47:11,4,VoIP,35.229.206.207,163.116.193.127,ICMP,8.55,4.15,69.7,8.25,206,64,Voice
705,3/21/2024,13:43:37,0,Steam,10.31.103.178,167.205.0.252,TCP,17,1.187878443,22,105,45,2047.651068,Game
751,3/22/2024,12:04:24,4,VoIP,108.137.97.103,163.116.193.113,ICMP,0,4.23,37.66,3.73,215,64,Voice
264,3/19/2024,15:33:29,4,VoIP,104.215.189.26,163.116.193.113,ICMP,4.1,4.3,22.84,3.03,209,64,Voice
444,3/20/2024,14:51:24,0,Xbox,180.253.248.223,192.168.1.51,TCP,0,4.350925926,110,6,111,2708,Game
689,3/21/2024,13:26:26,0,Steam,10.31.103.178,167.205.0.252,TCP,7,1.816345116,24,14,57,1955.421954,Game
305,3/20/2024,3:02:56,2,YouTube,180.244.128.30,192.168.0.112,TCP,0,0.2345338983,22,49,41,1959,Video
342,3/20/2024,3:45:24,2,YouTube,180.244.128.30,192.168.0.112,TCP,0,0.751371308,23,47,34,1966,Video
612,3/21/2024,5:16:56,2,TiktTok,36.65.255.55,192.168.0.112,TCP,0,0.5201793722,9,99,20,1892,Video
985,3/27/2024,18:16:11,0,Xbox,36.65.252.246,192.168.0.112,TCP,0,2.236675127,180,93,188,3425,Game
150,3/16/2024,17:34:23,2,TikTok,110.137.195.148,192.168.100.58,TCP,0,2.08,8,349,14,533,Video
125,3/16/2024,13:49:46,4,VoIP,104.215.189.26,163.116.193.94,ICMP,0,15.52,22.31,8.17,243,64,Voice
801,3/24/2024,15:58:54,4,VoIP,108.137.97.103,163.116.193.113,ICMP,0,15.38,13.18,13.63,189,64,Voice
838,3/24/2024,23:48:11,4,VoIP,35.229.206.207,163.116.193.131,ICMP,0,6.64,68.3,5.25,183,64,Voice
51,3/15/2024,21:51:45,2,TikTok,110.137.195.148,192.168.100.58,TCP,0,4.27,6,330,14,496,Video
354,3/20/2024,12:46:24,2,YouTube,180.253.248.223,192.168.1.51,TCP,0,1.139748954,25,341,32,2278,Video
944,3/27/2024,16:16:03,2,TikTok,167.205.0.224,10.5.106.48,TCP,0,1.152330508,22,91,28,2001,Video
143,3/16/2024,17:26:43,0,Steam,110.137.195.148,192.168.100.58,TCP,3,2.39,5,370,13,523.4536082,Game
471,3/20/2024,15:21:32,0,Steam,180.253.248.223,192.168.1.51,TCP,0,0.9967488789,9,173,17,1966,Game
400,3/20/2024,13:25:21,2,TiktTok,180.253.248.223,192.168.1.51,TCP,0,0.402,11,7,18,1818,Video
639,3/21/2024,11:13:14,4,VoIP,104.215.189.26,163.116.193.113,ICMP,10.34,4,27.5,11.67,206,64,Voice
321,3/20/2024,3:14:04,2,YouTube,180.244.128.30,192.168.0.112,TCP,0,0.5865546218,24,51,32,1979,Video
20,3/14/2024,13:45:44,2,TiktTok,110.137.195.148,192.168.100.58,TCP,3,3.96,6,340,14,510.9484536,Video
825,3/24/2024,22:37:58,4,VoIP,104.215.189.26,163.116.193.113,ICMP,0,8.35,20.47,25.98,268,64,Voice
860,3/26/2024,12:01:25,4,VoIP,35.229.206.207,163.116.193.123,ICMP,0.8,4.14,65.95,7.22,199,64,Voice
824,3/24/2024,22:37:55,4,VoIP,108.137.97.103,163.116.193.113,ICMP,0,16.21,8.2,3.28,191,64,Voice
408,3/20/2024,13:32:25,2,TiktTok,180.253.248.223,192.168.1.51,TCP,0,0.8827731092,24,205,22,2133,Video
538,3/21/2024,2:42:08,0,Xbox,36.65.255.55,192.168.0.112,TCP,0,2.682692308,176,97,180,3393,Game
634,3/21/2024,10:42:02,4,VoIP,108.137.97.103,163.116.193.113,ICMP,20.18,4.29,47.18,11.52,218,64,Voice
39,3/15/2024,21:32:22,0,Xbox,110.137.195.148,192.168.100.58,TCP,0,4.07,228,375,296,4795,Game
176,3/16/2024,21:36:58,4,VoIP,104.215.189.26,163.116.193.94,ICMP,11.4,9.82,66.55,65.82,252,64,Voice
246,3/19/2024,13:32:30,4,VoIP,108.137.97.103,163.116.193.113,ICMP,4.35,3.6,44.37,13.32,205,64,Voice
844,3/25/2024,8:59:51,4,VoIP,35.229.206.207,163.116.193.129,ICMP,0,2.11,71.87,12.19,209,64,Voice
681,3/21/2024,13:16:13,0,Steam,10.31.103.178,167.205.0.252,TCP,23,1.559832767,29,91,41,2109.764585,Game
851,3/25/2024,10:00:57,4,VoIP,108.137.97.103,163.116.193.113,ICMP,0.8,4.31,40.89,4.27,213,64,Voice
874,3/26/2024,21:08:11,2,YouTube,36.65.255.55,192.168.0.112,TCP,0,0.6336702128,21,86,33,1987,Video
155,3/16/2024,19:26:19,4,VoIP,104.215.189.26,163.116.193.94,ICMP,2.44,4.23,29.58,15.97,283,64,Voice
288,3/20/2024,2:42:18,2,YouTube,180.244.128.30,192.168.0.112,TCP,0,0.6455696203,23,46,36,1965,Video
616,3/21/2024,8:37:00,4,VoIP,108.137.97.103,163.116.193.113,ICMP,1.61,4.3,38.79,5.49,206,64,Voice
570,3/21/2024,3:07:51,0,Xbox,36.65.255.55,192.168.0.112,TCP,0,2.628826531,178,94,180,3408,Game
758,3/22/2024,12:41:46,4,VoIP,108.137.97.103,163.116.193.113,ICMP,2.44,4.39,37.07,1.88,213,64,Voice
18,3/14/2024,13:40:11,1,Steam,110.137.195.148,192.168.100.58,TCP,0,4.75,6,342,20,556,Game 
128,3/16/2024,13:53:29,4,VoIP,104.215.189.26,163.116.193.94,ICMP,3.45,12.73,35.31,4.08,31,64,Voice
323,3/20/2024,3:30:27,2,YouTube,180.244.128.30,192.168.0.112,TCP,0,0.4265756303,24,56,31,1984,Video
256,3/19/2024,14:28:49,4,VoIP,104.215.189.26,163.116.193.113,ICMP,0.81,3.8,26.64,6.7,209,64,Voice
671,3/21/2024,12:54:02,0,Steam,10.31.103.178,167.205.0.252,TCP,13,1.549113816,71,85,85,2466.030395,Game
983,3/27/2024,18:14:52,0,Xbox,36.65.252.246,192.168.0.112,TCP,0,2.359099496,183,81,185,3440,Game
191,3/18/2024,10:46:09,4,VoIP,104.215.189.26,163.116.193.94,ICMP,0.85,4.16,24.02,3.71,208,64,Voice
116,3/16/2024,12:59:19,4,VoIP,104.215.189.26,163.116.193.94,ICMP,0.79,16.25,23.7,10.08,246,64,Voice
630,3/21/2024,10:29:15,4,VoIP,108.137.97.103,163.116.193.113,ICMP,4.2,4.3,41.74,8.71,222,64,Voice
607,3/21/2024,5:12:11,2,TiktTok,36.65.255.55,192.168.0.112,TCP,0,0.4520179372,9,97,18,1890,Video
181,3/18/2024,8:54:15,4,VoIP,104.215.189.26,163.116.193.94,ICMP,6.56,4.34,25.85,6.5,217,64,Voice
302,3/20/2024,2:59:53,2,YouTube,180.244.128.30,192.168.0.112,TCP,0,0.3953256303,24,38,39,1966,Video
774,3/22/2024,14:13:45,4,VoIP,108.137.97.103,163.116.193.113,ICMP,16.22,4.19,40.25,4.91,26,64,Voice
912,3/27/2024,5:06:52,2,YouTube,36.65.255.55,192.168.0.112,TCP,0,0.7455508475,22,85,34,1995,Video
738,3/22/2024,9:49:28,4,VoIP,35.229.206.207,163.116.193.113,ICMP,8.04,4.08,64.13,4.16,249,64,Voice
763,3/22/2024,13:00:35,4,VoIP,108.137.97.103,163.116.193.113,ICMP,10.83,4.45,37.07,3.23,210,64,Voice
904,3/27/2024,5:00:03,2,YouTube,36.65.255.55,192.168.0.112,TCP,0,0.7057446809,21,93,31,1994,Video
518,3/20/2024,16:09:13,0,Steam,180.253.248.223,192.168.1.51,TCP,0,0.930044843,9,185,16,1978,Game
1003,3/27/2024,19:02:37,0,Xbox,36.65.252.246,192.168.0.112,TCP,0,3.324689055,188,92,277,3496,Game
46,3/15/2024,21:45:33,2,TikTok,110.137.195.148,192.168.100.58,TCP,0,4.83,5,247,12,388,Video
925,3/27/2024,14:41:22,2,TikTok,167.205.0.223,10.5.105.53,TCP,0,1.16440678,22,78,24,1988,Video
158,3/16/2024,19:42:50,4,VoIP,108.137.97.103,163.116.193.94,ICMP,0,15.96,65.18,8.94,156,64,Voice
759,3/22/2024,12:41:50,4,VoIP,104.215.189.26,163.116.193.94,ICMP,0,4.28,21.05,1.88,213,64,Voice
172,3/16/2024,21:07:41,4,VoIP,104.215.189.26,163.116.193.94,ICMP,0,5.05,19.63,2.6,30,64,Voice
17,3/14/2024,13:38:22,2,TikTok,110.137.195.148,192.168.100.58,TCP,0,4.26,8,342,19,566,Video
512,3/20/2024,16:03:05,0,Steam,180.253.248.223,192.168.1.51,TCP,0,0.740990991,8,17,14,1801,Game
49,3/15/2024,21:49:05,0,Xbox,110.137.195.148,192.168.100.58,TCP,0,3.65,227,247,294,4642,Game
990,3/27/2024,18:20:24,0,Xbox,36.65.252.246,192.168.0.112,TCP,0,2.437626263,182,93,197,3443,Game
856,3/25/2024,10:15:29,4,VoIP,35.229.206.207,163.116.193.125,ICMP,0,3.71,68.22,5.91,221,64,Voice
516,3/20/2024,16:08:22,0,Steam,180.253.248.223,192.168.1.51,TCP,0,0.9044117647,7,342,15,2117,Game
974,3/27/2024,18:06:19,0,Xbox,36.65.252.246,192.168.0.112,TCP,0,2.172701511,183,80,185,3439,Game
481,3/20/2024,15:31:52,0,Steam,180.253.248.223,192.168.1.51,TCP,0,0.542081448,7,36,16,1811,Game
284,3/20/2024,2:39:03,2,YouTube,180.244.128.30,192.168.0.112,TCP,0,0.6034188034,20,50,32,1942,Video
733,3/22/2024,9:31:10,4,VoIP,108.137.97.103,163.116.193.113,ICMP,2.56,3.88,48.59,1.18,232,64,Voice
668,3/21/2024,12:49:53,0,Steam,10.31.103.178,167.205.0.252,TCP,10,4.222160279,73,213,102,2605.191919,Game
226,3/19/2024,10:34:56,4,VoIP,104.215.189.26,163.116.193.113,ICMP,0,27.5,74.89,16.7,353,64,Voice
27,3/15/2024,21:05:09,2,TikTok,110.137.195.148,192.168.100.58,TCP,0,1.35,6,263,25,517,Video
797,3/24/2024,15:39:23,4,VoIP,108.137.97.103,163.116.193.113,ICMP,2.56,15.98,16.27,9.91,179,64,Voice
438,3/20/2024,14:11:03,0,Xbox,180.253.248.223,192.168.1.51,TCP,0,5.094863014,151,81,145,3152,Game
968,3/27/2024,17:54:07,2,TikTok,36.65.252.246,192.168.0.112,TCP,0,0.5847457627,22,99,32,2009,Video
365,3/20/2024,12:55:48,2,YouTube,180.253.248.223,192.168.1.51,TCP,0,1.39958159,25,40,30,1977,Video
230,3/19/2024,11:16:09,4,VoIP,104.215.189.26,163.116.193.113,ICMP,6.72,3.7,26.07,6.52,208,64,Voice
38,3/15/2024,21:31:33,2,Youtube,110.137.195.148,192.168.100.58,TCP,0,3.92,39,362,45,1073,Video
984,3/27/2024,18:15:21,0,Xbox,36.65.252.246,192.168.0.112,TCP,3,2.870151515,182,344,240,3703.532598,Game
375,3/20/2024,13:04:51,2,TiktTok,180.253.248.223,192.168.1.51,TCP,0,0.7388888889,11,38,20,1849,Video
470,3/20/2024,15:20:53,0,Steam,180.253.248.223,192.168.1.51,TCP,0,0.9246621622,8,48,17,1832,Game
986,3/27/2024,18:16:55,0,Xbox,36.65.252.246,192.168.0.112,TCP,0,2.546095718,183,80,224,3439,Game
866,3/26/2024,14:30:14,4,VoIP,35.229.206.207,163.116.193.117,ICMP,1.67,3.92,68.25,6.54,202,64,Voice
718,3/22/2024,8:36:56,4,VoIP,108.137.97.103,163.116.193.113,ICMP,2.4,4.52,37.5,2.32,202,64,Voice
740,3/22/2024,10:04:53,4,VoIP,104.215.189.26,163.116.193.94,ICMP,0.88,3.85,28.65,15.95,242,64,Voice
195,3/18/2024,13:17:59,4,VoIP,35.229.206.207,163.116.193.94,ICMP,0.81,3.3,66.4,7.57,208,64,Voice
870,3/26/2024,20:59:22,2,YouTube,36.65.255.55,192.168.0.112,TCP,0,0.7355932203,22,89,32,1999,Video
880,3/27/2024,3:39:15,2,YouTube,36.65.255.55,192.168.0.112,TCP,0,1.1092827,23,94,44,2013,Video
504,3/20/2024,15:51:15,0,Steam,180.253.248.223,192.168.1.51,TCP,0,0.9037556054,9,338,23,2131,Game
988,3/27/2024,18:18:28,0,Xbox,36.65.252.246,192.168.0.112,TCP,0,2.385696203,181,94,188,3435,Game
846,3/25/2024,9:18:14,4,VoIP,104.215.189.26,163.116.193.113,ICMP,9.4,4.15,26.45,8.24,211,64,Voice
580,3/21/2024,3:36:33,2,TiktTok,36.65.255.55,192.168.0.112,TCP,0,0.3398888889,11,96,14,1907,Video
987,3/27/2024,18:17:25,0,Xbox,36.65.252.246,192.168.0.112,TCP,0,2.183375635,180,80,185,3412,Game
163,3/16/2024,20:23:08,4,VoIP,35.229.206.207,163.116.193.94,ICMP,0,11.99,62.87,6.72,153,64,Voice
716,3/21/2024,18:13:10,4,VoIP,108.137.97.103,163.116.193.113,ICMP,0,16.15,10.33,4.49,185,64,Voice
153,3/16/2024,19:26:12,4,VoIP,108.137.97.103,163.116.193.94,ICMP,3.33,15.7,72.77,10.38,195,64,Voice
695,3/21/2024,13:32:41,0,Steam,10.31.103.178,167.205.0.252,TCP,7,1.14564734,21,268,45,2182.252769,Game
714,3/21/2024,15:32:40,4,VoIP,108.137.97.103,163.116.193.113,ICMP,0,3.9,38.62,4.85,212,64,Voice
996,3/27/2024,18:56:22,0,Xbox,36.65.252.246,192.168.0.112,TCP,0,2.506944444,182,92,190,3442,Game
112,3/16/2024,12:36:42,4,VoIP,35.229.206.207,163.116.193.94,ICMP,0.8,14.46,62.56,2.52,147,64,Voice
227,3/19/2024,10:35:06,4,VoIP,108.137.97.103,163.116.193.113,ICMP,0,26.45,80.62,21.9,257,64,Voice
910,3/27/2024,5:05:07,2,YouTube,36.65.255.55,192.168.0.112,TCP,0,0.7005319149,21,91,30,1992,Video
104,3/16/2024,12:11:35,4,VoIP,104.215.189.26,163.116.193.94,ICMP,0,9.46,33.33,14.15,236,64,Voice
422,3/20/2024,13:53:21,0,Xbox,180.253.248.223,192.168.1.51,TCP,0,2.723769231,111,5,111,2716,Game
420,3/20/2024,13:50:54,0,Xbox,180.253.248.223,192.168.1.51,TCP,0,4.762850467,107,33,162,2708,Game
765,3/22/2024,13:00:32,4,VoIP,35.229.206.207,163.116.193.113,ICMP,0,4.26,63.78,3.01,210,64,Voice
587,3/21/2024,3:46:53,2,TiktTok,36.65.255.55,192.168.0.112,TCP,0,0.4494469027,12,93,17,1913,Video
845,3/25/2024,9:18:11,4,VoIP,108.137.97.103,163.116.193.113,ICMP,8.85,4.48,42.14,7.02,213,64,Voice
673,3/21/2024,12:56:15,0,Steam,10.31.103.178,167.205.0.252,TCP,20,3.447078176,93,259,92,2858.122449,Game
120,3/16/2024,13:24:42,4,VoIP,35.229.206.207,163.116.193.94,ICMP,0,7.09,65.88,5.98,152,64,Voice
54,3/15/2024,21:56:02,2,TikTok,110.137.195.148,192.168.100.58,TCP,0,5.95,5,252,22,473,Video
152,3/16/2024,17:37:05,2,Youtube,110.137.195.148,192.168.100.58,TCP,1,1.77,34,36,44,700.3030303,Video
404,3/20/2024,13:28:58,2,TiktTok,180.253.248.223,192.168.1.51,TCP,0,0.78930131,15,35,20,1882,Video
962,3/27/2024,17:46:03,2,TikTok,36.65.252.246,192.168.0.112,TCP,7,0.6092644068,22,96,32,2019.309164,Video
208,3/18/2024,13:56:53,4,VoIP,108.137.97.103,163.116.193.94,ICMP,14.29,3.23,51.45,18.19,208,64,Voice
659,3/21/2024,12:37:03,0,Steam,10.31.103.178,167.205.0.252,TCP,13,1.592034312,84,97,87,2596.400203,Game
859,3/25/2024,10:36:46,4,VoIP,104.215.189.26,163.116.193.113,ICMP,3.85,2.82,24.54,6.45,27,64,Voice
949,3/27/2024,16:20:16,2,TikTok,167.205.0.224,10.5.106.48,TCP,0,1.162236287,23,88,28,2007,Video
9,3/14/2024,12:37:33,0,Steam,110.137.195.148,192.168.100.58,TCP,0,5.82,9,350,295,2791,Game
823,3/24/2024,22:25:16,4,VoIP,104.215.189.26,163.116.193.113,ICMP,0,15.24,20.61,3.12,32,64,Voice
37,3/15/2024,21:30:30,2,TikTok,110.137.195.148,192.168.100.58,TCP,0,4.93,6,253,15,427,Video
453,3/20/2024,14:58:50,0,Xbox,180.253.248.223,192.168.1.51,TCP,0,5.804580745,108,17,142,2701,Game
652,3/21/2024,12:30:10,0,Steam,10.31.103.178,167.205.0.252,TCP,0,3,65,73,108,2298,Game
254,3/19/2024,14:23:45,4,VoIP,104.215.189.26,163.116.193.113,ICMP,4.92,3.1,24.25,9.76,210,64,Voice
304,3/20/2024,3:02:39,2,YouTube,180.244.128.30,192.168.0.112,TCP,0,0.3950207469,27,44,32,1999,Video
761,3/22/2024,12:55:39,4,VoIP,104.215.189.26,163.116.193.94,ICMP,0.8,4.38,21.94,3.73,206,64,Voice
572,3/21/2024,3:09:03,0,Xbox,36.65.255.55,192.168.0.112,TCP,0,1.96889313,179,96,181,3419,Game
624,3/21/2024,9:28:02,4,VoIP,108.137.97.103,163.116.193.113,ICMP,6.67,3.65,47.21,14.7,27,64,Voice
724,3/22/2024,8:54:20,4,VoIP,108.137.97.103,163.116.193.113,ICMP,0.81,3.75,37.63,2.01,200,64,Voice
833,3/24/2024,23:39:33,4,VoIP,108.137.97.103,163.116.193.113,ICMP,0,16.36,11.69,9.14,168,64,Voice
263,3/19/2024,15:19:50,4,VoIP,108.137.97.103,163.116.193.113,ICMP,0.8,4.42,42.82,4.83,206,64,Voice
611,3/21/2024,5:16:11,2,TiktTok,36.65.255.55,192.168.0.112,TCP,0,0.4262276786,10,84,19,1886,Video
298,3/20/2024,2:56:03,2,YouTube,180.244.128.30,192.168.0.112,TCP,0,0.7349468085,21,48,41,1949,Video
415,3/20/2024,13:38:23,2,TiktTok,180.253.248.223,192.168.1.51,TCP,0,0.5453539823,12,34,20,1854,Video
151,3/16/2024,17:35:27,0,Xbox,110.137.195.148,192.168.100.58,TCP,3,1.88,239,240,305,4965.597938,Game
803,3/24/2024,16:09:44,4,VoIP,108.137.97.103,163.116.193.113,ICMP,0,16.24,8.32,4.52,194,64,Voice
641,3/21/2024,11:22:00,4,VoIP,104.215.189.26,163.116.193.113,ICMP,17.95,4.5,27.85,7.22,201,64,Voice
905,3/27/2024,5:00:39,2,YouTube,36.65.255.55,192.168.0.112,TCP,0,0.6387711864,22,95,30,2005,Video
551,3/21/2024,2:52:06,0,Xbox,36.65.255.55,192.168.0.112,TCP,3,2.410158482,178,98,190,3421.436309,Game
992,3/27/2024,18:53:03,0,Xbox,36.65.252.246,192.168.0.112,TCP,0,2.807575758,182,93,218,3443,Game
489,3/20/2024,15:38:22,0,Steam,180.253.248.223,192.168.1.51,TCP,0,0.7493181818,6,16,14,1782,Game
711,3/21/2024,14:47:29,4,VoIP,104.215.189.26,163.116.193.113,ICMP,3.23,4.3,23.69,4.73,28,64,Voice
148,3/16/2024,17:31:37,2,Youtube,110.137.195.148,192.168.100.58,TCP,1,1.97,36,38,53,793.1919192,Video
147,3/16/2024,17:30:21,0,Xbox,110.137.195.148,192.168.100.58,TCP,0,1.89,224,20,293,4380,Game
735,3/22/2024,9:31:18,4,VoIP,35.229.206.207,163.116.193.113,ICMP,2.52,4.33,70.72,8.63,230,64,Voice
948,3/27/2024,16:19:28,2,TikTok,167.205.0.224,10.5.106.48,TCP,0,1.07943038,23,80,27,1999,Video
754,3/22/2024,12:26:27,4,VoIP,35.229.206.207,163.116.193.113,ICMP,0,3.78,64.65,3.85,223,64,Voice
660,3/21/2024,12:39:05,0,Steam,10.31.103.178,167.205.0.252,TCP,23,3.918085161,96,264,111,2898.382805,Game
349,3/20/2024,12:36:58,2,YouTube,180.253.248.223,192.168.1.51,TCP,0,1.057142857,24,185,32,2113,Video
464,3/20/2024,15:09:03,0,Xbox,180.253.248.223,192.168.1.51,TCP,0,4.528395062,110,5,112,2707,Game
326,3/20/2024,3:32:27,2,YouTube,180.244.128.30,192.168.0.112,TCP,0,0.531197479,24,48,26,1976,Video
187,3/18/2024,10:22:30,4,VoIP,108.137.97.103,163.116.193.94,ICMP,0,4.22,44.32,4.01,203,64,Voice
124,3/16/2024,13:49:43,4,VoIP,35.229.206.207,163.116.193.94,ICMP,0.81,14.11,67.94,10.38,20,64,Voice
869,3/26/2024,15:41:33,4,VoIP,35.229.206.207,163.116.193.114,ICMP,0.8,4.25,66.01,4.8,27,64,Voice
609,3/21/2024,5:14:05,2,TiktTok,36.65.255.55,192.168.0.112,TCP,0,0.4494394619,9,94,19,1887,Video
144,3/16/2024,17:27:40,0,Steam,110.137.195.148,192.168.100.58,TCP,0,2.62,4,368,13,508,Game
977,3/27/2024,18:08:46,0,Xbox,36.65.252.246,192.168.0.112,TCP,0,2.389746835,181,92,203,3433,Game
198,3/18/2024,13:26:38,4,VoIP,104.215.189.26,163.116.193.94,ICMP,4.1,3.2,37.84,15.95,208,64,Voice
610,3/21/2024,5:14:52,2,TiktTok,36.65.255.55,192.168.0.112,TCP,3,0.4913785714,10,91,24,1898.392177,Video
280,3/20/2024,2:36:27,2,YouTube,180.244.128.30,192.168.0.112,TCP,0,0.7619173729,22,50,35,1960,Video
294,3/20/2024,2:53:22,2,YouTube,180.244.128.30,192.168.0.112,TCP,0,0.7910638298,21,48,44,1949,Video
401,3/20/2024,13:27:11,2,TiktTok,180.253.248.223,192.168.1.51,TCP,0,0.6796460177,12,2,16,1822,Video
123,3/16/2024,13:31:11,4,VoIP,108.137.97.103,163.116.193.94,ICMP,0.81,12.71,67.14,8.1,20,64,Voice
184,3/18/2024,9:43:54,4,VoIP,108.137.97.103,163.116.193.94,ICMP,1.61,3.67,41.27,6.59,208,64,Voice
203,3/18/2024,13:52:05,4,VoIP,35.229.206.207,163.116.193.94,ICMP,13.76,2.45,69.11,11.86,207,64,Voice
439,3/20/2024,14:20:21,0,Xbox,180.253.248.223,192.168.1.51,TCP,3,6.836659077,111,45,176,2763.82347,Game
247,3/19/2024,13:32:34,4,VoIP,104.215.189.26,163.116.193.113,ICMP,4.35,3.9,28.67,9.95,205,64,Voice
416,3/20/2024,13:39:29,2,TiktTok,180.253.248.223,192.168.1.51,TCP,0,0.72,11,36,20,1847,Video
791,3/22/2024,15:38:24,4,VoIP,104.215.189.26,163.116.193.113,ICMP,3.31,3.92,22.35,2.67,215,64,Voice
867,3/26/2024,14:51:04,4,VoIP,35.229.206.207,163.116.193.116,ICMP,7.63,3.16,75.25,9.02,203,64,Voice
922,3/27/2024,14:36:11,2,TikTok,167.205.0.223,10.5.105.53,TCP,7,1.9527289,52,95,87,2290.001007,Game
973,3/27/2024,18:05:43,0,Xbox,36.65.252.246,192.168.0.112,TCP,0,2.254542607,185,81,185,3458,Game
903,3/27/2024,4:59:20,2,YouTube,36.65.255.55,192.168.0.112,TCP,0,0.6869173729,22,92,33,2002,Video
130,3/16/2024,14:14:53,4,VoIP,104.215.189.26,163.116.193.94,ICMP,0,15.71,20.55,3.05,240,64,Voice
638,3/21/2024,11:13:07,4,VoIP,108.137.97.103,163.116.193.113,ICMP,14.55,4.17,43,15.49,205,64,Voice
403,3/20/2024,13:28:02,2,TiktTok,180.253.248.223,192.168.1.51,TCP,0,0.9318965517,18,29,23,1903,Video
799,3/24/2024,15:48:55,4,VoIP,108.137.97.103,163.116.193.113,ICMP,0,12.75,6.96,1.34,182,64,Voice
785,3/22/2024,14:23:55,4,VoIP,35.229.206.207,163.116.193.113,ICMP,0,3.99,63.97,3.83,209,64,Voice
736,3/22/2024,9:49:19,4,VoIP,108.137.97.103,163.116.193.113,ICMP,0.81,4.25,48.06,8.51,247,64,Voice
929,3/27/2024,14:44:32,2,TikTok,167.205.0.223,10.5.105.53,TCP,0,1.279352227,33,90,32,2099,Video
220,3/18/2024,15:19:43,4,VoIP,104.215.189.26,163.116.193.113,ICMP,2.46,4.2,25.45,6.44,209,64,Voice
642,3/21/2024,12:01:35,4,VoIP,108.137.97.103,163.116.193.113,ICMP,0,4.48,40.46,5.81,217,64,Voice
931,3/27/2024,14:46:12,2,TikTok,167.205.0.224,10.5.106.48,TCP,0,1.360111789,32,364,29,2364,Video
847,3/25/2024,9:18:18,4,VoIP,35.229.206.207,163.116.193.128,ICMP,6.84,4.26,66.21,7.4,209,64,Voice
926,3/27/2024,14:41:53,2,TikTok,167.205.0.223,10.5.105.53,TCP,0,0.9607594937,23,86,23,2005,Video
936,3/27/2024,14:52:29,2,TikTok,167.205.0.224,10.5.106.48,TCP,0,1.348378661,25,88,29,2025,Video
625,3/21/2024,9:28:06,4,VoIP,104.215.189.26,163.116.193.113,ICMP,10,3.7,44.15,12.91,220,64,Voice
854,3/25/2024,10:15:23,4,VoIP,108.137.97.103,163.116.193.113,ICMP,3.39,3.78,41.45,6.52,219,64,Voice
775,3/22/2024,14:09:31,4,VoIP,35.229.206.207,163.116.193.113,ICMP,2.48,4.25,64.61,4.38,207,64,Voice
387,3/20/2024,13:15:03,2,TiktTok,180.253.248.223,192.168.1.51,TCP,0,0.4757743363,12,40,17,1860,Video
991,3/27/2024,18:21:13,0,Xbox,36.65.252.246,192.168.0.112,TCP,0,2.428998741,183,90,185,3449,Game
510,3/20/2024,15:56:38,0,Steam,180.253.248.223,192.168.1.51,TCP,0,0.5042600897,9,7,13,1800,Game
268,3/19/2024,17:44:16,4,VoIP,104.215.189.26,163.116.193.113,ICMP,0,14.4,47.94,16.86,277,64,Voice
835,3/24/2024,23:39:40,4,VoIP,35.229.206.207,163.116.193.132,ICMP,0,9.38,66.07,8.16,171,64,Voice
442,3/20/2024,14:49:55,0,Xbox,180.253.248.223,192.168.1.51,TCP,0,4.264814815,110,16,112,2718,Game
497,3/20/2024,15:44:59,0,Steam,180.253.248.223,192.168.1.51,TCP,0,0.8035242291,13,340,19,2169,Video
113,3/16/2024,12:36:50,4,VoIP,104.215.189.26,163.116.193.94,ICMP,0,2.69,19.62,3,260,64,Voice
692,3/21/2024,13:28:08,4,VoIP,104.215.189.26,163.116.193.113,ICMP,1.67,4,25.32,6.97,216,64,Voice
233,3/19/2024,11:47:48,4,VoIP,104.215.189.26,163.116.193.113,ICMP,4.03,4,25.48,7.59,207,64,Voice
885,3/27/2024,3:44:25,2,YouTube,36.65.255.55,192.168.0.112,TCP,0,0.8008474576,22,79,35,1989,Video
608,3/21/2024,5:13:24,2,TiktTok,36.65.255.55,192.168.0.112,TCP,0,0.4168526786,10,97,18,1899,Video
672,3/21/2024,12:55:31,0,Steam,10.31.103.178,167.205.0.252,TCP,17,3.945608306,93,101,93,2692.474059,Game
374,3/20/2024,13:04:12,2,TiktTok,180.253.248.223,192.168.1.51,TCP,0,0.6348684211,14,34,20,1872,Video
1000,3/27/2024,18:59:06,0,Xbox,36.65.252.246,192.168.0.112,TCP,0,2.440972222,182,83,185,3433,Game
858,3/25/2024,10:36:42,4,VoIP,35.229.206.207,163.116.193.124,ICMP,2.44,3.92,65.26,6.52,218,64,Voice
234,3/19/2024,12:14:28,4,VoIP,108.137.97.103,163.116.193.113,ICMP,3.42,4.11,39.03,5.57,218,64,Voice
800,3/24/2024,15:48:59,4,VoIP,104.215.189.26,163.116.193.113,ICMP,0,3.76,19.6,1.51,248,64,Voice
677,3/21/2024,13:13:43,4,VoIP,108.137.97.103,163.116.193.113,ICMP,0,4.2,42.15,8.91,211,64,Voice
318,3/20/2024,3:12:26,2,YouTube,180.244.128.30,192.168.0.112,TCP,0,0.5893229167,26,47,31,1993,Video
649,3/21/2024,12:27:18,0,Steam,10.31.103.178,167.205.0.252,TCP,7,1.464274597,34,92,46,2123.985901,Game
411,3/20/2024,13:35:19,2,TiktTok,180.253.248.223,192.168.1.51,TCP,0,0.660472973,8,35,17,1819,Game
914,3/27/2024,5:08:37,2,YouTube,36.65.255.55,192.168.0.112,TCP,0,1.009780335,25,95,43,2032,Video
710,3/21/2024,14:47:25,4,VoIP,108.137.97.103,163.116.193.113,ICMP,4.84,3.5,48.1,6.29,223,64,Voice
359,3/20/2024,12:51:22,2,YouTube,180.253.248.223,192.168.1.51,TCP,0,0.9989495798,24,173,30,2101,Video
259,3/19/2024,14:51:14,4,VoIP,108.137.97.103,163.116.193.113,ICMP,7.2,4.08,42.99,9.52,204,64,Voice
745,3/22/2024,11:00:04,4,VoIP,108.137.97.103,163.116.193.113,ICMP,0.8,4.3,40.98,5.86,207,64,Voice
628,3/21/2024,9:55:40,4,VoIP,108.137.97.103,163.116.193.113,ICMP,2.5,4.16,39.82,4.99,225,64,Voice
633,3/21/2024,10:33:25,4,VoIP,104.215.189.26,163.116.193.113,ICMP,7.56,3.6,26.68,8.22,226,64,Voice
283,3/20/2024,2:38:50,2,YouTube,180.244.128.30,192.168.0.112,TCP,1.5,0.6782895479,21,50,33,1953.824236,Video
377,3/20/2024,13:06:17,2,TiktTok,180.253.248.223,192.168.1.51,TCP,0,1.047844828,18,35,26,1909,Video
385,3/20/2024,13:13:12,2,TiktTok,180.253.248.223,192.168.1.51,TCP,0,1.448854962,48,62,52,2206,Video
225,3/19/2024,10:09:55,4,VoIP,108.137.97.103,163.116.193.113,ICMP,0,21.54,60.29,17.81,253,64,Voice
972,3/27/2024,18:04:31,0,Xbox,36.65.252.246,192.168.0.112,TCP,0,2.226265823,181,92,201,3433,Game
830,3/24/2024,23:24:52,4,VoIP,108.137.97.103,163.116.193.113,ICMP,0,15.47,12.23,6.49,168,64,Voice
473,3/20/2024,15:24:55,0,Steam,180.253.248.223,192.168.1.51,TCP,0,0.7026548673,12,35,16,1855,Video
348,3/20/2024,12:36:18,2,YouTube,180.253.248.223,192.168.1.51,TCP,0,1.242991632,25,361,34,2298,Video
506,3/20/2024,15:53:44,0,Steam,180.253.248.223,192.168.1.51,TCP,0,0.741367713,9,5,17,1798,Game
640,3/21/2024,11:21:51,4,VoIP,108.137.97.103,163.116.193.113,ICMP,1.59,4.22,39.56,6.85,203,64,Voice
1006,3/27/2024,19:05:11,0,Xbox,36.65.252.246,192.168.0.112,TCP,0,2.169796954,180,92,206,3424,Game
798,3/24/2024,15:39:27,4,VoIP,104.215.189.26,163.116.193.113,ICMP,3.25,15.89,24.13,7.24,253,64,Voice
945,3/27/2024,16:17:13,2,TikTok,167.205.0.224,10.5.106.48,TCP,0,1.112183544,23,90,27,2009,Video
921,3/27/2024,14:35:43,2,TikTok,167.205.0.224,10.5.106.48,TCP,10,1.095633,36,13,42,2069.20202,Video
620,3/21/2024,8:53:56,4,VoIP,108.137.97.103,163.116.193.113,ICMP,5,4.22,40.18,7.54,203,64,Voice
871,3/26/2024,21:01:05,2,YouTube,36.65.255.55,192.168.0.112,TCP,0,0.704218107,29,85,37,2058,Video
960,3/27/2024,17:44:33,2,TikTok,36.65.252.246,192.168.0.112,TCP,3,0.5447438298,21,82,32,1988.656971,Video
646,3/21/2024,12:24:13,0,Steam,10.31.103.178,167.205.0.252,TCP,3,0.5763280622,35,103,35,2135.993982,Game
862,3/26/2024,12:44:19,4,VoIP,35.229.206.207,163.116.193.121,ICMP,0,3.51,65.38,7.99,242,64,Voice
557,3/21/2024,2:57:09,0,Xbox,36.65.255.55,192.168.0.112,TCP,0,2.884375,178,85,182,3399,Game
976,3/27/2024,18:08:16,0,Xbox,36.65.252.246,192.168.0.112,TCP,0,2.054773869,184,94,188,3462,Game
578,3/21/2024,3:35:22,2,TiktTok,36.65.255.55,192.168.0.112,TCP,0,0.284375,10,96,13,1898,Video
796,3/24/2024,15:23:28,4,VoIP,104.215.189.26,163.116.193.113,ICMP,2.44,11.6,21.91,5.13,231,64,Voice
86,3/15/2024,23:15:35,2,Youtube,110.137.195.148,192.168.100.58,TCP,3,3.69,32,335,44,993.8041237,Video
243,3/19/2024,13:07:52,4,VoIP,108.137.97.103,163.116.193.113,ICMP,3.33,3.92,41.32,5.87,203,64,Voice
699,3/21/2024,13:35:21,0,Steam,10.31.103.178,167.205.0.252,TCP,10,1.910489362,21,362,40,2281.989899,Game
160,3/16/2024,19:56:47,4,VoIP,108.137.97.103,163.116.193.94,ICMP,0,16.17,61.78,1.98,151,64,Voice
525,3/20/2024,21:09:27,2,TiktTok,36.69.143.150,192.168.0.112,TCP,0,0.2464285714,10,84,23,1886,Video
36,3/15/2024,21:28:41,0,Steam,110.137.195.148,192.168.100.58,TCP,3,5.44,5,375,32,685.1546392,Game
541,3/21/2024,2:44:17,0,Xbox,36.65.255.55,192.168.0.112,TCP,3,3.411681459,175,98,231,3394.364092,Game
171,3/16/2024,21:07:37,4,VoIP,108.137.97.103,163.116.193.94,ICMP,0,16.19,61.32,2.85,20,64,Voice
655,3/21/2024,12:31:38,4,VoIP,104.215.189.26,163.116.193.113,ICMP,1.67,3.8,22.89,13.7,219,64,Voice
906,3/27/2024,5:01:23,2,YouTube,36.65.255.55,192.168.0.112,TCP,0,1.117446809,21,92,52,1993,Video
873,3/26/2024,21:07:05,2,YouTube,36.65.255.55,192.168.0.112,TCP,0,0.5796080508,22,97,31,2007,Video
917,3/27/2024,5:13:42,2,YouTube,36.65.255.55,192.168.0.112,TCP,0,0.6861924686,25,82,32,2019,Video
961,3/27/2024,17:45:13,2,TikTok,36.65.252.246,192.168.0.112,TCP,6,0.7021446809,21,94,40,2006.348089,Video
734,3/22/2024,9:31:14,4,VoIP,104.215.189.26,163.116.193.94,ICMP,5.17,4.35,47.66,18.84,232,64,Voice
96,3/15/2024,23:29:06,2,Youtube,110.137.195.148,192.168.100.58,TCP,0,3.95,36,374,47,1074,Video
564,3/21/2024,3:02:14,0,Xbox,36.65.255.55,192.168.0.112,TCP,0,2.164122137,179,97,180,3420,Game
241,3/19/2024,12:51:27,4,VoIP,108.137.97.103,163.116.193.113,ICMP,6.84,4.29,41.98,4.1,222,64,Voice
743,3/22/2024,10:48:34,4,VoIP,104.215.189.26,163.116.193.94,ICMP,36.63,4.39,58.32,29.57,222,64,Voice
575,3/21/2024,3:12:08,2,TiktTok,36.65.255.55,192.168.0.112,TCP,0,0.4121636771,9,97,19,1890,Video
691,3/21/2024,13:28:04,4,VoIP,108.137.97.103,163.116.193.113,ICMP,1.65,4.32,40.15,7.65,216,64,Voice
461,3/20/2024,15:06:40,0,Xbox,180.253.248.223,192.168.1.51,TCP,0,4.332721713,113,35,112,2764,Game
554,3/21/2024,2:55:20,0,Xbox,36.65.255.55,192.168.0.112,TCP,0,2.732315522,179,86,182,3409,Game
894,3/27/2024,3:55:10,2,YouTube,36.65.255.55,192.168.0.112,TCP,0,0.7569915254,22,97,36,2007,Video
207,3/18/2024,13:56:49,4,VoIP,104.215.189.26,163.116.193.113,ICMP,1.64,3.3,33.18,14.57,209,64,Voice
393,3/20/2024,13:20:17,2,TiktTok,180.253.248.223,192.168.1.51,TCP,0,0.7503348214,10,340,18,2142,Video
795,3/24/2024,15:23:26,4,VoIP,108.137.97.103,163.116.193.113,ICMP,3.15,14.02,15.01,10.44,167,64,Voice
398,3/20/2024,13:23:56,2,TiktTok,180.253.248.223,192.168.1.51,TCP,0,0.5243478261,16,17,18,1873,Video
767,3/22/2024,13:06:29,4,VoIP,104.215.189.26,163.116.193.94,ICMP,2.52,4.41,22.54,3.94,209,64,Voice
864,3/26/2024,13:19:10,4,VoIP,35.229.206.207,163.116.193.119,ICMP,0.81,4.14,64.64,5.17,26,64,Voice
218,3/18/2024,14:55:53,4,VoIP,104.215.189.26,163.116.193.113,ICMP,4.13,4,28.93,11.09,210,64,Voice
5,3/14/2024,12:23:50,4,VoIP,35.229.206.207,110.137.195.123,ICMP,0,10.02,61.97,2.49,14,64,Voice
769,3/22/2024,14:01:45,4,VoIP,108.137.97.103,163.116.193.113,ICMP,6.35,4.22,39.98,4.86,213,64,Voice
643,3/21/2024,12:01:40,4,VoIP,104.215.189.26,163.116.193.113,ICMP,0,4.4,26.34,7.07,215,64,Voice
913,3/27/2024,5:08:04,2,YouTube,36.65.255.55,192.168.0.112,TCP,0,0.6311181435,23,95,31,2014,Video
613,3/21/2024,5:17:24,2,TiktTok,36.65.255.55,192.168.0.112,TCP,0,0.6810538117,9,95,27,1888,Video
739,3/22/2024,10:04:48,4,VoIP,108.137.97.103,163.116.193.113,ICMP,4.31,4.34,45.53,5.75,230,64,Voice
547,3/21/2024,2:49:11,0,Xbox,36.65.255.55,192.168.0.112,TCP,0,2.39659383,175,83,178,3370,Game
726,3/22/2024,8:54:32,4,VoIP,35.229.206.207,163.116.193.113,ICMP,6.25,4.1,68.62,7.99,201,64,Voice
684,3/21/2024,13:20:19,0,Steam,10.31.103.178,167.205.0.252,TCP,10,1.222494094,40,49,34,2141.525253,Game
99,3/15/2024,23:33:30,2,TikTok,110.137.195.148,192.168.100.58,TCP,0,5.94,7,253,30,556,Video
805,3/24/2024,17:07:54,4,VoIP,108.137.97.103,163.116.193.113,ICMP,0,9.14,9.46,6.58,25,64,Voice
728,3/22/2024,9:13:01,4,VoIP,104.215.189.26,163.116.193.94,ICMP,14.41,4.28,25.36,4.44,210,64,Voice
574,3/21/2024,3:11:08,0,Xbox,36.65.255.55,192.168.0.112,TCP,0,3.481123096,180,97,231,3429,Game
407,3/20/2024,13:31:39,2,TiktTok,180.253.248.223,192.168.1.51,TCP,0,0.7671806167,13,35,18,1864,Video
503,3/20/2024,15:50:29,0,Steam,180.253.248.223,192.168.1.51,TCP,0,0.67,11,15,18,1826,Video
48,3/15/2024,21:47:10,0,Steam,110.137.195.148,192.168.100.58,TCP,0,4.68,6,51,15,225,Game
33,3/15/2024,21:24:40,0,Steam,110.137.195.148,192.168.100.58,TCP,0,5.72,4,366,13,506,Game
780,3/22/2024,14:23:58,4,VoIP,104.215.189.26,163.116.193.113,ICMP,0,4.17,23.32,4.17,211,64,Voice
840,3/25/2024,8:35:55,4,VoIP,104.215.189.26,163.116.193.113,ICMP,0,4.37,26.11,10.61,301,64,Voice
201,3/18/2024,13:47:12,4,VoIP,35.229.206.207,163.116.193.94,ICMP,4.24,2.83,86.82,29.69,26,64,Voice
135,3/16/2024,17:14:11,0,Steam,110.137.195.148,192.168.100.58,TCP,0,2.06,4,349,10,465,Game
28,3/15/2024,21:09:16,0,Steam,110.137.195.148,192.168.100.58,TCP,0,2.57,14,246,23,556,Video
896,3/27/2024,4:48:11,2,YouTube,36.65.255.55,192.168.0.112,TCP,0,0.6525423729,22,95,32,2005,Video
231,3/19/2024,11:16:14,4,VoIP,108.137.97.103,163.116.193.113,ICMP,8.33,4.37,42.47,7.06,213,64,Voice
490,3/20/2024,15:39:12,0,Steam,180.253.248.223,192.168.1.51,TCP,0,0.782239819,7,16,15,1791,Game
773,3/22/2024,14:01:39,4,VoIP,35.229.206.207,163.116.193.113,ICMP,0,3.9,62.81,3.04,213,64,Voice
379,3/20/2024,13:08:38,2,TiktTok,180.253.248.223,192.168.1.51,TCP,0,1.118027888,37,36,50,2081,Video
289,3/20/2024,2:48:08,2,YouTube,180.244.128.30,192.168.0.112,TCP,0,0.3173553719,28,47,32,2011,Video
419,3/20/2024,13:50:13,0,Xbox,180.253.248.223,192.168.1.51,TCP,0,4.033536585,114,52,144,2790,Game
675,3/21/2024,13:06:20,4,VoIP,108.137.97.103,163.116.193.113,ICMP,0,3.62,46.26,10.47,206,64,Voice
392,3/20/2024,13:19:44,2,TiktTok,180.253.248.223,192.168.1.51,TCP,0,0.4268973214,10,2,18,1804,Video
593,3/21/2024,3:52:37,2,TiktTok,36.65.255.55,192.168.0.112,TCP,0,0.5983744395,9,97,25,1890,Video
499,3/20/2024,15:46:03,0,Steam,180.253.248.223,192.168.1.51,TCP,0,0.8579954955,8,3,19,1787,Game
139,3/16/2024,17:20:19,2,TikTok,110.137.195.148,192.168.100.58,TCP,0,2.42,6,348,14,514,Video
63,3/15/2024,22:09:43,2,Youtube,110.137.195.148,192.168.100.58,TCP,0,3.42,39,374,42,1061,Video
472,3/20/2024,15:24:11,0,Steam,180.253.248.223,192.168.1.51,TCP,0,0.8207222222,11,340,17,2151,Game
648,3/21/2024,12:26:04,0,Steam,10.31.103.178,167.205.0.252,TCP,10,0.9643798828,42,98,42,2208.686869,Game
129,3/16/2024,13:53:32,4,VoIP,35.229.206.207,163.116.193.94,ICMP,2.56,10.67,62.03,2.81,154,64,Voice
995,3/27/2024,18:55:19,0,Xbox,36.65.252.246,192.168.0.112,TCP,0,2.079292929,182,83,184,3433,Game
521,3/20/2024,21:05:29,2,TiktTok,36.69.143.150,192.168.0.112,TCP,0,0.1469565217,16,95,16,1951,Video
839,3/25/2024,8:35:49,4,VoIP,108.137.97.103,163.116.193.113,ICMP,0,3.99,48.36,8.67,27,64,Voice
981,3/27/2024,18:13:05,0,Xbox,36.65.252.246,192.168.0.112,TCP,10,2.5734375,182,81,225,3463,Game
65,3/15/2024,22:11:23,2,TikTok,110.137.195.148,192.168.100.58,TCP,0,4.98,6,366,14,532,Video
813,3/24/2024,21:22:56,4,VoIP,104.215.189.26,163.116.193.113,ICMP,0,15.42,21.16,26.78,266,64,Voice
15,3/14/2024,13:34:04,3,Youtube ,110.137.195.148,192.168.100.58,TCP,0,3.35,37,197,46,898,Video 
157,3/16/2024,19:42:46,4,VoIP,104.215.189.26,163.116.193.94,ICMP,0,16.08,22.28,7.83,243,64,Voice
41,3/15/2024,21:37:32,0,Steam,110.137.195.148,192.168.100.58,TCP,0,5.36,5,237,17,418,Video
493,3/20/2024,15:41:26,0,Steam,180.253.248.223,192.168.1.51,TCP,0,0.8033071749,9,3,17,1796,Game
380,3/20/2024,13:09:19,2,TiktTok,180.253.248.223,192.168.1.51,TCP,0,0.7568333333,11,34,19,1845,Video
188,3/18/2024,10:22:33,4,VoIP,104.215.189.26,163.116.193.94,ICMP,0.85,4.1,47.22,20.53,202,64,Voice
764,3/22/2024,13:00:39,4,VoIP,104.215.189.26,163.116.193.94,ICMP,0,4.34,22.09,2.83,211,64,Voice
217,3/18/2024,14:55:41,4,VoIP,108.137.97.103,163.116.193.113,ICMP,4.96,3.26,46.35,12.71,200,64,Voice
792,3/22/2024,15:33:51,4,VoIP,35.229.206.207,163.116.193.113,ICMP,0,4.19,63.63,4.06,212,64,Voice
53,3/15/2024,21:53:13,2,Youtube,110.137.195.148,192.168.100.58,TCP,0,4.58,39,375,58,1190,Video
879,3/27/2024,3:38:41,2,YouTube,36.65.255.55,192.168.0.112,TCP,0,1.243908898,22,92,55,2002,Video
338,3/20/2024,3:41:57,2,YouTube,180.244.128.30,192.168.0.112,TCP,0,0.5635504202,24,49,29,1977,Video
749,3/22/2024,11:32:12,4,VoIP,104.215.189.26,163.116.193.94,ICMP,10.09,3.92,24.53,5.53,209,64,Voice
720,3/22/2024,8:37:04,4,VoIP,35.229.206.207,163.116.193.113,ICMP,0,4.01,61.74,1.67,27,64,Voice
725,3/22/2024,8:54:26,4,VoIP,104.215.189.26,163.116.193.94,ICMP,7.63,4.36,27.41,8.21,200,64,Voice
296,3/20/2024,2:54:48,2,YouTube,180.244.128.30,192.168.0.112,TCP,0,0.6763020833,26,50,35,1996,Video
702,3/21/2024,13:42:07,4,VoIP,108.137.97.103,163.116.193.113,ICMP,3.45,4.39,42.01,5.5,219,64,Voice
252,3/19/2024,13:49:13,4,VoIP,104.215.189.26,163.116.193.113,ICMP,12.39,4,48.53,2.29,206,64,Voice
727,3/22/2024,9:12:55,4,VoIP,108.137.97.103,163.116.193.113,ICMP,0,4.31,37.94,2.64,278,64,Voice
462,3/20/2024,15:07:29,0,Xbox,180.253.248.223,192.168.1.51,TCP,3,5.393345745,115,5,140,2759.919759,Game
456,3/20/2024,15:02:04,0,Xbox,180.253.248.223,192.168.1.51,TCP,0,4.242682927,114,42,112,2780,Game
1015,3/27/2024,20:11:28,0,Xbox,36.65.252.246,192.168.0.112,TCP,0,2.299527708,183,92,199,3451,Game
816,3/24/2024,21:43:31,4,VoIP,108.137.97.103,163.116.193.113,ICMP,0,16.39,8.98,4.49,203,64,Voice
863,3/26/2024,13:03:32,4,VoIP,35.229.206.207,163.116.193.120,ICMP,0,4.03,65.58,6.36,212,64,Voice
270,3/19/2024,19:03:41,4,VoIP,104.215.189.26,163.116.193.113,ICMP,0,15.9,21.61,5.55,266,64,Voice
202,3/18/2024,13:47:16,4,VoIP,108.137.97.103,163.116.193.94,ICMP,4.88,4.02,62.25,24.56,209,64,Voice
162,3/16/2024,20:23:02,4,VoIP,108.137.97.103,163.116.193.94,ICMP,0,15.97,62.87,6.72,153,64,Voice
556,3/21/2024,2:56:25,0,Xbox,36.65.255.55,192.168.0.112,TCP,0,2.657977387,184,98,182,3466,Game
730,3/22/2024,9:22:00,4,VoIP,108.137.97.103,163.116.193.113,ICMP,0.8,4.51,39.31,2.9,231,64,Voice
402,3/20/2024,13:27:52,2,TiktTok,180.253.248.223,192.168.1.51,TCP,0,0.84030837,13,27,20,1856,Video
703,3/21/2024,13:42:12,4,VoIP,104.215.189.26,163.116.193.113,ICMP,4.35,3.9,25.28,5.07,220,64,Voice
477,3/20/2024,15:28:05,0,Steam,180.253.248.223,192.168.1.51,TCP,0,1.061373874,8,39,25,1823,Game
822,3/24/2024,22:25:11,4,VoIP,108.137.97.103,163.116.193.113,ICMP,0,14.89,8.14,3.44,201,64,Voice
772,3/22/2024,14:09:27,4,VoIP,108.137.97.103,163.116.193.113,ICMP,0,4.52,38.91,4.62,209,64,Voice
106,3/16/2024,12:16:53,4,VoIP,108.137.97.103,163.116.193.94,ICMP,4.1,15.58,69.41,14.14,148,64,Voice
566,3/21/2024,3:04:26,0,Xbox,36.65.255.55,192.168.0.112,TCP,0,2.170621827,180,97,181,3429,Game
390,3/20/2024,13:17:54,2,TiktTok,180.253.248.223,192.168.1.51,TCP,0,0.6376681614,9,10,18,1803,Video
2,3/14/2024,9:38:04,4,VoIP,108.137.97.103,110.137.195.123,ICMP,3.2,18.11,15.78,9.6,162,64,Voice
954,3/27/2024,17:39:03,2,TikTok,36.65.252.246,192.168.0.112,TCP,0,0.6742584746,22,326,38,2236,Video
1001,3/27/2024,19:00:03,0,Xbox,36.65.252.246,192.168.0.112,TCP,0,2.875910804,184,91,233,3459,Game
562,3/21/2024,3:01:07,0,Xbox,36.65.255.55,192.168.0.112,TCP,0,2.966348601,179,95,211,3418,Game
932,3/27/2024,14:47:00,2,TikTok,167.205.0.224,10.5.106.48,TCP,0,1.312044534,33,93,29,2102,Video
81,3/15/2024,23:08:24,0,Xbox,110.137.195.148,192.168.100.58,TCP,0,4.21,227,51,316,4622,Game
206,3/18/2024,13:56:45,4,VoIP,35.229.206.207,163.116.193.94,ICMP,1.61,1.86,73.53,16.95,206,64,Voice
35,3/15/2024,21:27:03,2,Youtube,110.137.195.148,192.168.100.58,TCP,0,3.49,39,374,46,1093,Video
776,3/22/2024,14:13:53,4,VoIP,35.229.206.207,163.116.193.113,ICMP,0,4.12,64.55,4.31,216,64,Voice
509,3/20/2024,15:55:58,0,Steam,180.253.248.223,192.168.1.51,TCP,0,0.6266666667,11,6,15,1817,Video
428,3/20/2024,14:02:24,0,Xbox,180.253.248.223,192.168.1.51,TCP,0,1.774380805,109,343,131,3036,Game
455,3/20/2024,15:01:20,0,Xbox,180.253.248.223,192.168.1.51,TCP,0,5.348653846,111,349,127,3060,Game
367,3/20/2024,12:56:56,2,YouTube,180.253.248.223,192.168.1.51,TCP,0,2.553012048,35,17,52,2044,Video
92,3/15/2024,23:23:12,0,Xbox,110.137.195.148,192.168.100.58,TCP,0,4.24,227,258,288,4605,Game
340,3/20/2024,3:43:27,2,YouTube,180.244.128.30,192.168.0.112,TCP,0,0.4962025316,23,50,28,1969,Video
898,3/27/2024,4:56:05,2,YouTube,36.65.255.55,192.168.0.112,TCP,0,1.087447034,22,94,49,2004,Video
565,3/21/2024,3:03:11,0,Xbox,36.65.255.55,192.168.0.112,TCP,0,2.650508906,179,95,251,3418,Game
346,3/20/2024,12:32:10,2,YouTube,180.253.248.223,192.168.1.51,TCP,3,1.230360313,26,31,33,1982.777332,Video
777,3/22/2024,14:20:00,4,VoIP,108.137.97.103,163.116.193.113,ICMP,6.96,4.55,40.37,6.15,27,64,Voice
242,3/19/2024,13:07:48,4,VoIP,104.215.189.26,163.116.193.113,ICMP,2.44,3.8,26.15,6.95,206,64,Voice
14,3/14/2024,13:12:44,2,TikTok,110.137.195.148,192.168.100.58,TCP,0,4.43,7,363,15,546,Video
316,3/20/2024,3:10:17,2,YouTube,180.244.128.30,192.168.0.112,TCP,0,0.5585443038,23,49,30,1968,Video
601,3/21/2024,3:58:33,2,TiktTok,36.65.255.55,192.168.0.112,TCP,3,0.8002705357,10,97,31,1904.392177,Video
388,3/20/2024,13:16:17,2,TiktTok,180.253.248.223,192.168.1.51,TCP,0,0.634,11,343,18,2154,Video
274,3/20/2024,1:30:19,2,YouTube,180.244.128.30,192.168.0.112,TCP,0,1.501056338,22,42,49,632,Video
167,3/16/2024,20:48:29,4,VoIP,108.137.97.103,163.116.193.94,ICMP,0,15.92,62.11,2.72,20,64,Voice
841,3/25/2024,8:35:58,4,VoIP,35.229.206.207,163.116.193.130,ICMP,0,4.24,67.7,11.57,211,64,Voice
1011,3/27/2024,20:05:18,0,Xbox,36.65.252.246,192.168.0.112,TCP,0,2.748987342,181,96,254,3437,Game
647,3/21/2024,12:25:18,0,Steam,10.31.103.178,167.205.0.252,TCP,0,1.22625,36,74,45,2110,Video
819,3/24/2024,22:02:28,4,VoIP,104.215.189.26,163.116.193.113,ICMP,0,4.89,21.58,5.97,235,64,Voice
485,3/20/2024,15:35:20,0,Steam,180.253.248.223,192.168.1.51,TCP,0,0.7576704545,6,370,15,2136,Game
999,3/27/2024,18:58:22,0,Xbox,36.65.252.246,192.168.0.112,TCP,0,2.272405063,181,71,204,3412,Game
505,3/20/2024,15:52:39,0,Steam,180.253.248.223,192.168.1.51,TCP,0,0.6028587444,9,3,15,1796,Game
832,3/24/2024,23:25:00,4,VoIP,35.229.206.207,163.116.193.133,ICMP,0,13.36,62.86,3.44,149,64,Voice
244,3/19/2024,13:21:14,4,VoIP,104.215.189.26,163.116.193.113,ICMP,8.55,3.2,28.45,11.14,202,64,Voice
567,3/21/2024,3:05:29,0,Xbox,36.65.255.55,192.168.0.112,TCP,0,2.285586735,178,98,181,3412,Game
876,3/27/2024,3:36:11,2,YouTube,36.65.255.55,192.168.0.112,TCP,0,0.8998945148,23,92,38,2011,Video
563,3/21/2024,3:01:49,0,Xbox,36.65.255.55,192.168.0.112,TCP,0,2.327232143,178,95,182,3409,Game
971,3/27/2024,18:03:12,0,Xbox,36.65.252.246,192.168.0.112,TCP,0,2.209469697,182,97,228,3447,Game
687,3/21/2024,13:23:18,0,Steam,10.31.103.178,167.205.0.252,TCP,17,1.784394915,22,348,42,2290.651068,Game
958,3/27/2024,17:42:22,2,TikTok,36.65.252.246,192.168.0.112,TCP,3,0.6056143987,23,67,33,1991.705115,Video
190,3/18/2024,10:46:06,4,VoIP,108.137.97.103,163.116.193.94,ICMP,2.42,4.48,38.61,2.4,207,64,Voice
783,3/22/2024,14:58:23,4,VoIP,104.215.189.26,163.116.193.113,ICMP,5,3.89,23.4,3.64,223,64,Voice
700,3/21/2024,13:36:42,0,Steam,10.31.103.178,167.205.0.252,TCP,17,1.652772881,22,269,64,2211.651068,Game
476,3/20/2024,15:27:03,0,Steam,180.253.248.223,192.168.1.51,TCP,0,0.796460177,12,36,18,1856,Video
682,3/21/2024,13:18:23,0,Steam,10.31.103.178,167.205.0.252,TCP,7,1.129060096,20,361,33,2266.196375,Game
511,3/20/2024,15:57:19,0,Steam,180.253.248.223,192.168.1.51,TCP,0,0.4437217195,7,3,15,1778,Game
59,3/15/2024,22:02:14,0,Steam,110.137.195.148,192.168.100.58,TCP,0,5.64,6,19,15,193,Game
475,3/20/2024,15:26:06,0,Steam,180.253.248.223,192.168.1.51,TCP,0,0.8052130045,9,37,17,1830,Game
561,3/21/2024,3:00:27,0,Xbox,36.65.255.55,192.168.0.112,TCP,0,2.569181586,177,98,181,3403,Game
857,3/25/2024,10:36:39,4,VoIP,108.137.97.103,163.116.193.113,ICMP,0.79,4.3,40.51,6.83,28,64,Voice
748,3/22/2024,11:32:06,4,VoIP,108.137.97.103,163.116.193.113,ICMP,7.02,4.39,38.82,4.21,210,64,Voice
253,3/19/2024,13:49:18,4,VoIP,108.137.97.103,163.116.193.113,ICMP,9.26,4.11,48.79,2.13,205,64,Voice
22,3/14/2024,13:50:11,0,Steam,110.137.195.148,192.168.100.58,TCP,3,4.21,5,237,13,390.4536082,Game
314,3/20/2024,3:09:08,2,YouTube,180.244.128.30,192.168.0.112,TCP,0,0.6497933884,28,50,34,2014,Video
460,3/20/2024,15:05:29,0,Xbox,180.253.248.223,192.168.1.51,TCP,0,4.546788991,113,339,112,3068,Game
161,3/16/2024,19:56:51,4,VoIP,35.229.206.207,163.116.193.94,ICMP,0,14.47,61.78,1.98,151,64,Voice
277,3/20/2024,2:33:15,2,YouTube,180.244.128.30,192.168.0.112,TCP,0,0.6483050847,22,50,40,1960,Video
956,3/27/2024,17:40:08,2,TikTok,36.65.252.246,192.168.0.112,TCP,0,1.004819915,22,80,61,1990,Video
192,3/18/2024,13:14:22,4,VoIP,104.215.189.26,163.116.193.94,ICMP,0,3.76,30.26,21.11,27,64,Voice
386,3/20/2024,13:14:18,2,TiktTok,180.253.248.223,192.168.1.51,TCP,0,1.758736059,55,38,57,2245,Video
806,3/24/2024,20:47:04,4,VoIP,108.137.97.103,163.116.193.113,ICMP,0,10.15,8.38,4.94,163,64,Voice
414,3/20/2024,13:37:29,2,TiktTok,180.253.248.223,192.168.1.51,TCP,0,0.8002183406,15,39,20,1886,Video
492,3/20/2024,15:40:47,0,Steam,180.253.248.223,192.168.1.51,TCP,0,0.7693693694,8,3,14,1787,Game
344,3/20/2024,8:11:45,4,VoIP,104.215.189.26,163.116.193.113,ICMP,0,34.6,60.96,11.39,150,64,Voice
770,3/22/2024,14:01:51,4,VoIP,104.215.189.26,163.116.193.94,ICMP,0,4.18,22.18,3.32,212,64,Voice
309,3/20/2024,3:05:28,2,YouTube,180.244.128.30,192.168.0.112,TCP,0,0.5982978723,21,50,38,1951,Video
662,3/21/2024,12:42:03,0,Steam,10.31.103.178,167.205.0.252,TCP,20,2.8812,96,75,124,2701.612245,Game
131,3/16/2024,14:14:57,4,VoIP,35.229.206.207,163.116.193.94,ICMP,0,8.91,63.07,8.63,155,64,Voice
664,3/21/2024,12:45:31,0,Steam,10.31.103.178,167.205.0.252,TCP,27,2.020481192,109,102,99,2866.704008,Game
872,3/26/2024,21:06:03,2,YouTube,36.65.255.55,192.168.0.112,TCP,0,0.9113924051,23,97,45,2016,Video
100,3/15/2024,23:37:17,0,Steam,110.137.195.148,192.168.100.58,TCP,3,4.64,6,254,16,441.443299,Game
373,3/20/2024,13:03:07,2,TiktTok,180.253.248.223,192.168.1.51,TCP,0,0.387,11,3,18,1814,Video
88,3/15/2024,23:17:31,2,TikTok,110.137.195.148,192.168.100.58,TCP,0,5.02,7,17,14,192,Video
459,3/20/2024,15:04:44,0,Xbox,180.253.248.223,192.168.1.51,TCP,0,4.099846154,111,6,126,2717,Game
331,3/20/2024,3:35:59,2,YouTube,180.244.128.30,192.168.0.112,TCP,0,0.5016877637,23,46,29,1965,Video
215,3/18/2024,14:22:29,4,VoIP,108.137.97.103,163.116.193.94,ICMP,3.23,2.9,45.83,13.3,26,64,Voice
467,3/20/2024,15:11:02,0,Xbox,180.253.248.223,192.168.1.51,TCP,0,4.204320988,110,3,112,2705,Game
122,3/16/2024,13:31:07,4,VoIP,35.229.206.207,163.116.193.94,ICMP,0,11.86,67.49,9.76,20,64,Voice
615,3/21/2024,8:31:59,4,VoIP,104.215.189.26,163.116.193.113,ICMP,0,3.9,25.06,6.56,210,64,Voice
21,3/14/2024,13:49:23,0,Xbox,110.137.195.148,192.168.100.58,TCP,0,3.28,229,237,295,4658,Game
701,3/21/2024,13:37:32,0,Steam,10.31.103.178,167.205.0.252,TCP,10,1.596532979,21,369,62,2288.989899,Game
72,3/15/2024,22:20:09,2,Youtube,110.137.195.148,192.168.100.58,TCP,0,4.06,39,252,48,987,Video
107,3/16/2024,12:16:58,4,VoIP,104.215.189.26,163.116.193.94,ICMP,1.63,15.91,24.48,12.92,228,64,Voice
271,3/19/2024,19:03:45,4,VoIP,108.137.97.103,163.116.193.113,ICMP,0,6.42,12.94,9.67,214,64,Voice
861,3/26/2024,12:15:46,4,VoIP,35.229.206.207,163.116.193.122,ICMP,2.44,4.01,64.25,9.82,206,64,Voice
436,3/20/2024,14:09:21,0,Xbox,180.253.248.223,192.168.1.51,TCP,3,3.450597721,148,44,195,3096.714142,Game
103,3/16/2024,12:11:28,4,VoIP,108.137.97.103,163.116.193.94,ICMP,11.21,14.67,68.93,7.66,218,64,Voice
